-- MySQL dump 10.13  Distrib 8.0.29, for Win64 (x86_64)
--
-- Host: localhost    Database: artnature_db
-- ------------------------------------------------------
-- Server version	8.0.29

/*!40101 SET @OLD_CHARACTER_SET_CLIENT=@@CHARACTER_SET_CLIENT */;
/*!40101 SET @OLD_CHARACTER_SET_RESULTS=@@CHARACTER_SET_RESULTS */;
/*!40101 SET @OLD_COLLATION_CONNECTION=@@COLLATION_CONNECTION */;
/*!50503 SET NAMES utf8 */;
/*!40103 SET @OLD_TIME_ZONE=@@TIME_ZONE */;
/*!40103 SET TIME_ZONE='+00:00' */;
/*!40014 SET @OLD_UNIQUE_CHECKS=@@UNIQUE_CHECKS, UNIQUE_CHECKS=0 */;
/*!40014 SET @OLD_FOREIGN_KEY_CHECKS=@@FOREIGN_KEY_CHECKS, FOREIGN_KEY_CHECKS=0 */;
/*!40101 SET @OLD_SQL_MODE=@@SQL_MODE, SQL_MODE='NO_AUTO_VALUE_ON_ZERO' */;
/*!40111 SET @OLD_SQL_NOTES=@@SQL_NOTES, SQL_NOTES=0 */;

--
-- Table structure for table `daily_batch_report`
--

DROP TABLE IF EXISTS `daily_batch_report`;
/*!40101 SET @saved_cs_client     = @@character_set_client */;
/*!50503 SET character_set_client = utf8mb4 */;
CREATE TABLE `daily_batch_report` (
  `id` int NOT NULL AUTO_INCREMENT,
  `user_id` int DEFAULT NULL,
  `remarks` varchar(100) DEFAULT NULL,
  `task_date` varchar(100) DEFAULT NULL,
  `task_id` varchar(100) DEFAULT NULL,
  `batch_id` int DEFAULT NULL,
  PRIMARY KEY (`id`),
  UNIQUE KEY `id_UNIQUE` (`id`)
) ENGINE=InnoDB AUTO_INCREMENT=352 DEFAULT CHARSET=latin1;
/*!40101 SET character_set_client = @saved_cs_client */;

--
-- Dumping data for table `daily_batch_report`
--

LOCK TABLES `daily_batch_report` WRITE;
/*!40000 ALTER TABLE `daily_batch_report` DISABLE KEYS */;
INSERT INTO `daily_batch_report` VALUES (106,79,'GOOD','2022-12-07','BG090750',25),(107,79,'LAPSED','2022-12-08','BG090750',25),(108,82,'GOOD','2022-12-07','BT760890',26),(109,82,'LAPSED','2022-12-08','BT760890',26),(110,86,'GOOD','2022-12-07','CE547688',26),(111,86,'LAPSED','2022-12-08','CE547688',26),(112,80,'LAPSED','2022-12-07','CX548909',24),(113,80,'LAPSED','2022-12-08','CX548909',24),(114,28,'GOOD','2022-12-07','DF457870',27),(115,28,'LAPSED','2022-12-08','DF457870',27),(116,29,'GOOD','2022-12-07','DK231561',23),(117,29,'LAPSED','2022-12-08','DK231561',23),(118,75,'GOOD','2022-12-07','DS234509',25),(119,75,'GOOD','2022-12-08','DS234509',25),(120,92,'GOOD','2022-12-07','DS547683',26),(121,92,'GOOD','2022-12-08','DS547683',26),(122,22,'GOOD','2022-12-07','EE312356',25),(123,22,'LAPSED','2022-12-08','EE312356',25),(124,87,'GOOD','2022-12-07','EQ537507',26),(125,87,'LAPSED','2022-12-08','EQ537507',26),(126,67,'GOOD','2022-12-08','ER454647',24),(127,57,'GOOD','2022-12-07','ER467970',26),(128,57,'LAPSED','2022-12-08','ER467970',26),(129,68,'GOOD','2022-12-08','ER679809',23),(130,58,'GOOD','2022-12-07','ET707870',28),(131,58,'GOOD','2022-12-08','ET707870',28),(132,30,'GOOD','2022-12-07','EW233320',23),(133,30,'GOOD','2022-12-08','EW233320',23),(134,31,'GOOD','2022-12-07','EW328709',25),(135,31,'GOOD','2022-12-08','EW328709',25),(136,81,'LAPSED','2022-12-07','EW547699',26),(137,81,'LAPSED','2022-12-08','EW547699',26),(138,32,'GOOD','2022-12-07','FD346512',28),(139,32,'GOOD','2022-12-08','FD346512',28),(140,76,'GOOD','2022-12-07','FD542570',23),(141,76,'LAPSED','2022-12-08','FD542570',23),(142,77,'GOOD','2022-12-07','FD547632',26),(143,77,'GOOD','2022-12-08','FD547632',26),(144,89,'GOOD','2022-12-07','FD658700',26),(145,89,'LAPSED','2022-12-08','FD658700',26),(146,78,'LAPSED','2022-12-07','FD769023',23),(147,78,'LAPSED','2022-12-08','FD769023',23),(148,91,'GOOD','2022-12-07','FF34D5S',27),(149,91,'LAPSED','2022-12-08','FF34D5S',27),(150,90,'GOOD','2022-12-07','FF34DSS',27),(151,90,'GOOD','2022-12-08','FF34DSS',27),(152,33,'GOOD','2022-12-07','FG780700',28),(153,33,'LAPSED','2022-12-08','FG780700',28),(154,34,'GOOD','2022-12-07','FG780760',28),(155,34,'GOOD','2022-12-08','FG780760',28),(156,35,'GOOD','2022-12-07','FG900760',26),(157,35,'GOOD','2022-12-08','FG900760',26),(158,93,'GOOD','2022-12-07','FS427506',26),(159,93,'GOOD','2022-12-08','FS427506',26),(160,97,'GOOD','2022-12-07','GD676073',25),(161,97,'GOOD','2022-12-08','GD676073',25),(162,36,'GOOD','2022-12-07','GF567350',28),(163,36,'GOOD','2022-12-08','GF567350',28),(164,37,'LAPSED','2022-12-07','GF890660',27),(165,37,'LAPSED','2022-12-08','GF890660',27),(166,69,'LAPSED','2022-12-07','GH0876970',23),(167,69,'LAPSED','2022-12-08','GH0876970',23),(168,99,'GOOD','2022-12-07','GW426488',26),(169,99,'GOOD','2022-12-08','GW426488',26),(170,38,'GOOD','2022-12-07','HG670850',28),(171,38,'GOOD','2022-12-08','HG670850',28),(172,96,'GOOD','2022-12-07','HT658709',24),(173,96,'GOOD','2022-12-08','HT658709',24),(174,101,'GOOD','2022-12-07','HT76885',26),(175,101,'GOOD','2022-12-08','HT76885',26),(176,100,'GOOD','2022-12-07','II876533',26),(177,100,'GOOD','2022-12-08','II876533',26),(178,102,'GOOD','2022-12-07','IT790522',25),(179,102,'GOOD','2022-12-08','IT790522',25),(180,39,'GOOD','2022-12-07','IU097680',25),(181,39,'GOOD','2022-12-08','IU097680',25),(182,40,'GOOD','2022-12-07','JA392841',23),(183,40,'GOOD','2022-12-08','JA392841',23),(184,98,'GOOD','2022-12-07','OI098707',25),(185,98,'LAPSED','2022-12-08','OI098707',25),(186,103,'LAPSED','2022-12-07','OR43151',27),(187,103,'LAPSED','2022-12-08','OR43151',27),(188,94,'GOOD','2022-12-07','OR459800',28),(189,94,'GOOD','2022-12-08','OR459800',28),(190,41,'GOOD','2022-12-07','OR567839',24),(191,41,'GOOD','2022-12-08','OR567839',24),(192,105,'GOOD','2022-12-07','OR654311',27),(193,105,'GOOD','2022-12-08','OR654311',27),(194,104,'GOOD','2022-12-07','OR658743',27),(195,104,'GOOD','2022-12-08','OR658743',27),(196,95,'GOOD','2022-12-07','OR760998',28),(197,95,'GOOD','2022-12-08','OR760998',28),(198,23,'GOOD','2022-12-07','QQ123134',23),(199,23,'GOOD','2022-12-08','QQ123134',23),(200,42,'GOOD','2022-12-07','RE436590',25),(201,42,'GOOD','2022-12-08','RE436590',25),(202,47,'GOOD','2022-12-07','RE439807',25),(203,47,'GOOD','2022-12-08','RE439807',25),(204,48,'LAPSED','2022-12-07','RE456790',26),(205,48,'LAPSED','2022-12-08','RE456790',26),(206,49,'LAPSED','2022-12-07','RR245657',24),(207,49,'LAPSED','2022-12-08','RR245657',24),(208,50,'GOOD','2022-12-07','RT5676890',26),(209,50,'GOOD','2022-12-08','RT5676890',26),(210,70,'GOOD','2022-12-07','RT5687990',23),(211,70,'GOOD','2022-12-08','RT5687990',23),(212,71,'GOOD','2022-12-07','RT657809',23),(213,71,'GOOD','2022-12-08','RT657809',23),(214,83,'GOOD','2022-12-07','RT680770',25),(215,83,'GOOD','2022-12-08','RT680770',25),(216,72,'LAPSED','2022-12-07','RT768909',23),(217,24,'GOOD','2022-12-07','RW978658',26),(218,24,'GOOD','2022-12-08','RW978658',26),(219,73,'LAPSED','2022-12-07','SD678009',26),(220,73,'LAPSED','2022-12-08','SD678009',26),(221,51,'LAPSED','2022-12-07','TR547698',24),(222,51,'LAPSED','2022-12-08','TR547698',24),(223,61,'GOOD','2022-12-07','TR587095',24),(224,61,'GOOD','2022-12-08','TR587095',24),(225,53,'GOOD','2022-12-07','TR769805',25),(226,53,'GOOD','2022-12-08','TR769805',25),(227,59,'GOOD','2022-12-07','TRT05059',27),(228,59,'GOOD','2022-12-08','TRT05059',27),(229,25,'GOOD','2022-12-07','TW427579',27),(230,25,'GOOD','2022-12-08','TW427579',27),(231,65,'LAPSED','2022-12-07','TY585907',24),(232,65,'LAPSED','2022-12-08','TY585907',24),(233,62,'GOOD','2022-12-07','TY707870',23),(234,62,'GOOD','2022-12-08','TY707870',23),(235,54,'GOOD','2022-12-07','UA314901',23),(236,54,'LAPSED','2022-12-08','UA314901',23),(237,60,'GOOD','2022-12-07','UY789007',25),(238,60,'GOOD','2022-12-08','UY789007',25),(239,107,'GOOD','2022-12-07','UY870706',25),(240,107,'GOOD','2022-12-08','UY870706',25),(241,64,'GOOD','2022-12-07','uy870760',23),(242,64,'GOOD','2022-12-08','uy870760',23),(243,84,'GOOD','2022-12-07','VZ758533',26),(244,84,'GOOD','2022-12-08','VZ758533',26),(245,55,'GOOD','2022-12-07','WE238790',27),(246,55,'GOOD','2022-12-08','WE238790',27),(247,85,'GOOD','2022-12-07','WE436587',24),(248,85,'GOOD','2022-12-08','WE436587',24),(249,26,'GOOD','2022-12-07','WW123131',24),(250,26,'LAPSED','2022-12-08','WW123131',24),(251,88,'GOOD','2022-12-07','WW324111',26),(252,88,'GOOD','2022-12-08','WW324111',26),(253,109,'GOOD','2022-12-07','XB369600',25),(254,109,'GOOD','2022-12-08','XB369600',25),(255,27,'GOOD','2022-12-07','YE769854',28),(256,27,'GOOD','2022-12-08','YE769854',28),(257,56,'GOOD','2022-12-07','YT768976',24),(258,56,'GOOD','2022-12-08','YT768976',24),(259,106,'GOOD','2022-12-07','YT769800',26),(260,106,'GOOD','2022-12-08','YT769800',26),(261,66,'GOOD','2022-12-07','YT787070',24),(262,66,'LAPSED','2022-12-08','YT787070',24),(263,108,'GOOD','2022-12-07','YT870908',24),(264,108,'GOOD','2022-12-08','YT870908',24),(265,74,'GOOD','2022-12-07','YU780946',23),(266,74,'GOOD','2022-12-08','YU780946',23),(267,63,'GOOD','2022-12-07','YU787079',25),(268,63,'GOOD','2022-12-08','YU787079',25),(269,79,'LAPSED','2022-12-09','BG090750',25),(270,82,'LAPSED','2022-12-09','BT760890',26),(271,86,'LAPSED','2022-12-09','CE547688',26),(272,80,'LAPSED','2022-12-05','CX548909',24),(273,80,'LAPSED','2022-12-06','CX548909',24),(274,80,'LAPSED','2022-12-09','CX548909',24),(275,28,'LAPSED','2022-12-09','DF457870',27),(276,29,'GOOD','2022-12-09','DK231561',23),(277,75,'GOOD','2022-12-09','DS234509',25),(278,92,'GOOD','2022-12-09','DS547683',26),(279,22,'GOOD','2022-12-09','EE312356',25),(280,87,'GOOD','2022-12-09','EQ537507',26),(281,67,'GOOD','2022-12-09','ER454647',24),(282,57,'LAPSED','2022-12-09','ER467970',26),(283,68,'GOOD','2022-12-09','ER679809',23),(284,58,'GOOD','2022-12-09','ET707870',28),(285,30,'GOOD','2022-12-09','EW233320',23),(286,31,'GOOD','2022-12-09','EW328709',25),(287,81,'LAPSED','2022-12-09','EW547699',26),(288,32,'GOOD','2022-12-09','FD346512',28),(289,76,'LAPSED','2022-12-09','FD542570',23),(290,77,'GOOD','2022-12-09','FD547632',26),(291,89,'LAPSED','2022-12-09','FD658700',26),(292,78,'LAPSED','2022-12-09','FD769023',23),(293,91,'LAPSED','2022-12-09','FF34D5S',27),(294,90,'GOOD','2022-12-09','FF34DSS',27),(295,33,'LAPSED','2022-12-09','FG780700',28),(296,34,'GOOD','2022-12-09','FG780760',28),(297,35,'GOOD','2022-12-09','FG900760',26),(298,93,'GOOD','2022-12-09','FS427506',26),(299,97,'GOOD','2022-12-09','GD676073',25),(300,36,'GOOD','2022-12-09','GF567350',28),(301,37,'LAPSED','2022-12-09','GF890660',27),(302,69,'LAPSED','2022-12-09','GH0876970',23),(303,99,'GOOD','2022-12-09','GW426488',26),(304,38,'GOOD','2022-12-09','HG670850',28),(305,96,'GOOD','2022-12-09','HT658709',24),(306,101,'GOOD','2022-12-09','HT76885',26),(307,100,'GOOD','2022-12-09','II876533',26),(308,102,'GOOD','2022-12-09','IT790522',25),(309,39,'GOOD','2022-12-09','IU097680',25),(310,40,'GOOD','2022-12-09','JA392841',23),(311,98,'LAPSED','2022-12-09','OI098707',25),(312,103,'LAPSED','2022-12-09','OR43151',27),(313,94,'GOOD','2022-12-09','OR459800',28),(314,41,'GOOD','2022-12-09','OR567839',24),(315,105,'GOOD','2022-12-09','OR654311',27),(316,104,'GOOD','2022-12-09','OR658743',27),(317,95,'GOOD','2022-12-09','OR760998',28),(318,23,'GOOD','2022-12-09','QQ123134',23),(319,42,'GOOD','2022-12-09','RE436590',25),(320,47,'GOOD','2022-12-09','RE439807',25),(321,48,'LAPSED','2022-12-09','RE456790',26),(322,49,'LAPSED','2022-12-09','RR245657',24),(323,50,'GOOD','2022-12-09','RT5676890',26),(324,70,'GOOD','2022-12-09','RT5687990',23),(325,71,'GOOD','2022-12-09','RT657809',23),(326,83,'GOOD','2022-12-09','RT680770',25),(327,24,'GOOD','2022-12-09','RW978658',26),(328,51,'LAPSED','2022-12-09','TR547698',24),(329,61,'GOOD','2022-12-09','TR587095',24),(330,53,'GOOD','2022-12-09','TR769805',25),(331,59,'GOOD','2022-12-09','TRT05059',27),(332,25,'GOOD','2022-12-09','TW427579',27),(333,65,'LAPSED','2022-12-09','TY585907',24),(334,62,'GOOD','2022-12-09','TY707870',23),(335,54,'GOOD','2022-12-09','UA314901',23),(336,60,'GOOD','2022-12-09','UY789007',25),(337,107,'GOOD','2022-12-09','UY870706',25),(338,64,'GOOD','2022-12-09','uy870760',23),(339,84,'GOOD','2022-12-09','VZ758533',26),(340,55,'LAPSED','2022-12-09','WE238790',27),(341,85,'GOOD','2022-12-09','WE436587',24),(342,26,'LAPSED','2022-12-09','WW123131',24),(343,88,'GOOD','2022-12-09','WW324111',26),(344,109,'GOOD','2022-12-09','XB369600',25),(345,27,'GOOD','2022-12-09','YE769854',28),(346,56,'GOOD','2022-12-09','YT768976',24),(347,106,'GOOD','2022-12-09','YT769800',26),(348,66,'GOOD','2022-12-09','YT787070',24),(349,108,'GOOD','2022-12-09','YT870908',24),(350,74,'GOOD','2022-12-09','YU780946',23),(351,63,'GOOD','2022-12-09','YU787079',25);
/*!40000 ALTER TABLE `daily_batch_report` ENABLE KEYS */;
UNLOCK TABLES;

--
-- Table structure for table `location`
--

DROP TABLE IF EXISTS `location`;
/*!40101 SET @saved_cs_client     = @@character_set_client */;
/*!50503 SET character_set_client = utf8mb4 */;
CREATE TABLE `location` (
  `location_id` int NOT NULL AUTO_INCREMENT,
  `address` varchar(255) NOT NULL,
  `status` int NOT NULL,
  `date_updated` timestamp NOT NULL DEFAULT CURRENT_TIMESTAMP ON UPDATE CURRENT_TIMESTAMP,
  `driver_id` int NOT NULL,
  PRIMARY KEY (`location_id`)
) ENGINE=InnoDB AUTO_INCREMENT=6 DEFAULT CHARSET=latin1;
/*!40101 SET character_set_client = @saved_cs_client */;

--
-- Dumping data for table `location`
--

LOCK TABLES `location` WRITE;
/*!40000 ALTER TABLE `location` DISABLE KEYS */;
INSERT INTO `location` VALUES (1,'LIBMANAN, CAMARINES SUR',1,'2022-08-24 03:30:40',3),(2,'MABINI LIBMANAN CAMARINES SUR',0,'2022-11-07 08:40:04',3),(3,'NAGA CITY CAMARINES SUR',0,'2022-11-07 08:40:17',0),(4,'PILI CAMARINES SUR',0,'2022-11-07 08:40:32',0),(5,'RAGAY CAMARINES SUR',0,'2022-11-07 08:40:46',0);
/*!40000 ALTER TABLE `location` ENABLE KEYS */;
UNLOCK TABLES;

--
-- Table structure for table `messages`
--

DROP TABLE IF EXISTS `messages`;
/*!40101 SET @saved_cs_client     = @@character_set_client */;
/*!50503 SET character_set_client = utf8mb4 */;
CREATE TABLE `messages` (
  `msg_id` int NOT NULL AUTO_INCREMENT,
  `msg_from` int NOT NULL,
  `msg_to` int NOT NULL,
  `message` varchar(45) NOT NULL,
  `date_created` datetime NOT NULL DEFAULT CURRENT_TIMESTAMP,
  `status` int NOT NULL,
  PRIMARY KEY (`msg_id`),
  KEY `msg_from_idx` (`msg_from`,`msg_to`)
) ENGINE=InnoDB AUTO_INCREMENT=201 DEFAULT CHARSET=utf8mb3;
/*!40101 SET character_set_client = @saved_cs_client */;

--
-- Dumping data for table `messages`
--

LOCK TABLES `messages` WRITE;
/*!40000 ALTER TABLE `messages` DISABLE KEYS */;
INSERT INTO `messages` VALUES (118,2,22,'GOODLUCK!','2022-12-07 01:34:26',0),(119,2,23,'GOODLUCK!','2022-12-07 01:34:53',0),(120,2,24,'GOODLUCK!','2022-12-07 01:35:22',0),(121,2,25,'GOODLUCK!','2022-12-07 01:35:47',0),(122,2,26,'GOODLUCK!','2022-12-07 01:36:11',0),(123,2,27,'GOODLUCK!','2022-12-07 01:36:35',0),(124,2,28,'GOODLUCK AND GODBLESS !','2022-12-07 01:59:51',0),(125,2,29,'GOODLUCK AND GODBLESS !','2022-12-07 02:00:21',0),(126,2,30,'GOODLUCK AND GODBLESS !','2022-12-07 02:00:51',0),(127,2,31,'GOODLUCK AND GODBLESS !','2022-12-07 02:01:19',0),(128,2,32,'GOODLUCK AND GODBLESS !','2022-12-07 02:01:46',0),(129,2,33,'GOODLUCK AND GODBLESS !','2022-12-07 02:02:12',0),(130,2,34,'GOODLUCK AND GODBLESS !','2022-12-07 02:02:46',0),(131,2,35,'GOODLUCK AND GODBLESS !','2022-12-07 02:03:14',0),(132,2,36,'GOODLUCK AND GODBLESS !','2022-12-07 02:03:37',0),(133,2,37,'GOODLUCK AND GODBLESS !','2022-12-07 02:04:02',0),(134,2,38,'GOODLUCK AND GODBLESS !','2022-12-07 02:04:26',0),(135,2,39,'GOODLUCK AND GODBLESS !','2022-12-07 02:04:48',0),(136,2,40,'GOODLUCK AND GODBLESS !','2022-12-07 02:05:16',0),(137,2,41,'GOODLUCK AND GODBLESS !','2022-12-07 02:05:39',0),(138,2,42,'GOODLUCK AND GODBLESS !','2022-12-07 02:06:02',0),(139,2,47,'GOODLUCK AND GODBLESS !','2022-12-07 02:06:26',0),(140,2,48,'GOODLUCK AND GODBLESS !','2022-12-07 02:06:52',0),(141,2,49,'GOODLUCK AND GODBLESS !','2022-12-07 02:07:15',0),(142,2,50,'GOODLUCK AND GODBLESS !','2022-12-07 02:07:41',0),(143,2,51,'GOODLUCK AND GODBLESS !','2022-12-07 02:08:05',0),(144,2,53,'GOODLUCK AND GODBLESS !','2022-12-07 02:08:29',0),(145,2,54,'GOODLUCK AND GODBLESS !','2022-12-07 02:08:51',0),(146,2,55,'GOODLUCK AND GODBLESS !','2022-12-07 02:31:01',0),(147,2,56,'GOODLUCK AND GODBLESS !','2022-12-07 02:31:24',0),(148,2,57,'GOODLUCK !','2022-12-07 03:14:26',0),(149,2,58,'GOODLUCK !','2022-12-07 03:14:53',0),(150,2,61,'GOODLUCK !','2022-12-07 03:15:16',0),(151,2,59,'GOODLUCK !','2022-12-07 03:15:42',0),(152,2,60,'GOODLUCK !','2022-12-07 03:16:07',0),(153,2,62,'GOODLUCK !','2022-12-07 03:16:29',0),(154,2,64,'GOODLUCK !','2022-12-07 03:16:53',0),(155,2,63,'GOODLUCK !','2022-12-07 03:17:17',0),(156,2,65,'LONG HAIR','2022-12-07 03:18:39',0),(157,2,66,'LONG HAIR','2022-12-07 03:19:01',0),(158,2,67,'GOODLUCKCK!','2022-12-07 06:33:01',0),(159,2,68,'GOODLUCKCK!','2022-12-07 06:33:42',0),(160,2,69,'GOODLUCKCK!','2022-12-07 06:34:12',0),(161,2,70,'GOODLUCKCK!','2022-12-07 06:34:42',0),(162,2,71,'GOODLUCKCK!','2022-12-07 06:35:13',0),(163,2,72,'GOODLUCKCK!','2022-12-07 06:37:35',1),(164,2,73,'GOODLUCKCK!','2022-12-07 06:38:37',0),(165,2,74,'GOODLUCKCK!','2022-12-07 06:39:10',0),(166,2,75,'LONG HAIR','2022-12-07 06:45:15',0),(167,2,76,'LONG HAIR','2022-12-07 06:46:01',0),(168,2,77,'LONG HAIR','2022-12-07 06:46:34',0),(169,2,78,'LONG HAIR','2022-12-07 06:47:02',0),(170,2,79,'GOODLUCK !!','2022-12-07 08:22:31',0),(171,2,82,'GOODLUCK !!','2022-12-07 08:23:18',0),(172,2,86,'GOODLUCK !!','2022-12-07 08:24:05',0),(173,2,80,'GOODLUCK !!','2022-12-07 08:24:44',0),(174,2,92,'GOODLUCK !!','2022-12-07 08:25:19',0),(175,2,81,'GOODLUCK !!','2022-12-07 08:25:58',0),(176,2,83,'GOODLUCK !!','2022-12-07 08:26:37',0),(177,2,84,'GOODLUCK !!','2022-12-07 08:27:19',0),(178,2,85,'GOODLUCK !!','2022-12-07 08:28:38',0),(179,2,88,'GOODLUCK !!','2022-12-07 08:29:34',0),(180,2,87,'GOODLUCK !!','2022-12-07 08:30:25',0),(181,2,89,'GOODLUCK !!','2022-12-07 08:31:10',0),(182,2,90,'GOODLUCK !!','2022-12-07 08:31:49',0),(183,2,91,'GOODLUCK !!','2022-12-07 08:32:29',0),(184,2,93,'GOODLUCK !!','2022-12-07 08:49:49',0),(185,2,94,'GOODLUCK !!','2022-12-07 08:50:28',0),(186,2,96,'GOODLUCK !!','2022-12-07 08:51:06',0),(187,2,95,'GOODLUCK !!','2022-12-07 08:51:54',0),(188,2,97,'GOODLUCK !!','2022-12-07 08:52:35',0),(189,2,98,'GOODLUCK !!','2022-12-07 08:53:16',0),(190,2,99,'GOODLUCK !!','2022-12-07 08:53:58',0),(191,2,100,'GOODLUCK !!','2022-12-07 09:15:54',0),(192,2,101,'GOODLUCK !!','2022-12-07 09:16:31',0),(193,2,102,'GOODLUCK !!','2022-12-07 09:17:11',0),(194,2,103,'GOODLUCK !!','2022-12-07 09:17:48',0),(195,2,105,'GOODLUCK !!','2022-12-07 09:18:25',0),(196,2,104,'GOODLUCK !!','2022-12-07 09:19:08',0),(197,2,106,'GOODLUCK !!','2022-12-07 09:19:55',0),(198,2,107,'GOODLUCK !!','2022-12-07 09:37:53',0),(199,2,108,'GOODLUCK !!','2022-12-07 09:38:30',0),(200,2,109,'GOODLUCK !!','2022-12-07 09:39:10',0);
/*!40000 ALTER TABLE `messages` ENABLE KEYS */;
UNLOCK TABLES;

--
-- Table structure for table `notification`
--

DROP TABLE IF EXISTS `notification`;
/*!40101 SET @saved_cs_client     = @@character_set_client */;
/*!50503 SET character_set_client = utf8mb4 */;
CREATE TABLE `notification` (
  `notif_id` int NOT NULL AUTO_INCREMENT,
  `description` varchar(255) NOT NULL,
  `user_id` int NOT NULL,
  `status` int NOT NULL,
  PRIMARY KEY (`notif_id`),
  UNIQUE KEY `notif_id_UNIQUE` (`notif_id`),
  UNIQUE KEY `description_UNIQUE` (`description`)
) ENGINE=InnoDB AUTO_INCREMENT=5171 DEFAULT CHARSET=latin1;
/*!40101 SET character_set_client = @saved_cs_client */;

--
-- Dumping data for table `notification`
--

LOCK TABLES `notification` WRITE;
/*!40000 ALTER TABLE `notification` DISABLE KEYS */;
INSERT INTO `notification` VALUES (4510,'Your task has already been assigned by Artnature Admin. Gratitude and Goodluck to you! Order Number: EE312356',22,1),(4511,'Your task has already been assigned by Artnature Admin. Gratitude and Goodluck to you! Order Number: QQ123134',23,0),(4512,'Your task has already been assigned by Artnature Admin. Gratitude and Goodluck to you! Order Number: RW978658',24,0),(4513,'Your task has already been assigned by Artnature Admin. Gratitude and Goodluck to you! Order Number: TW427579',25,0),(4514,'Your task has already been assigned by Artnature Admin. Gratitude and Goodluck to you! Order Number: WW123131',26,0),(4515,'Your task has already been assigned by Artnature Admin. Gratitude and Goodluck to you! Order Number: YE769854',27,0),(4516,'Your task has already been assigned by Artnature Admin. Gratitude and Goodluck to you! Order Number: DF457870',28,0),(4517,'Your task has already been assigned by Artnature Admin. Gratitude and Goodluck to you! Order Number: DK231561',29,0),(4518,'Your task has already been assigned by Artnature Admin. Gratitude and Goodluck to you! Order Number: EW233320',30,0),(4519,'Your task has already been assigned by Artnature Admin. Gratitude and Goodluck to you! Order Number: EW328709',31,0),(4520,'Your task has already been assigned by Artnature Admin. Gratitude and Goodluck to you! Order Number: FD346512',32,0),(4521,'Your task has already been assigned by Artnature Admin. Gratitude and Goodluck to you! Order Number: FG780700',33,1),(4522,'Your task has already been assigned by Artnature Admin. Gratitude and Goodluck to you! Order Number: FG780760',34,0),(4523,'Your task has already been assigned by Artnature Admin. Gratitude and Goodluck to you! Order Number: FG900760',35,0),(4524,'Your task has already been assigned by Artnature Admin. Gratitude and Goodluck to you! Order Number: GF567350',36,0),(4525,'Your task has already been assigned by Artnature Admin. Gratitude and Goodluck to you! Order Number: GF890660',37,0),(4526,'Your task has already been assigned by Artnature Admin. Gratitude and Goodluck to you! Order Number: HG670850',38,0),(4527,'Your task has already been assigned by Artnature Admin. Gratitude and Goodluck to you! Order Number: IU097680',39,0),(4528,'Your task has already been assigned by Artnature Admin. Gratitude and Goodluck to you! Order Number: JA392841',40,0),(4529,'Your task has already been assigned by Artnature Admin. Gratitude and Goodluck to you! Order Number: OR567839',41,0),(4530,'Your task has already been assigned by Artnature Admin. Gratitude and Goodluck to you! Order Number: RE436590',42,0),(4531,'Your task has already been assigned by Artnature Admin. Gratitude and Goodluck to you! Order Number: RE439807',47,0),(4532,'Your task has already been assigned by Artnature Admin. Gratitude and Goodluck to you! Order Number: RE456790',48,0),(4533,'Your task has already been assigned by Artnature Admin. Gratitude and Goodluck to you! Order Number: RR245657',49,0),(4534,'Your task has already been assigned by Artnature Admin. Gratitude and Goodluck to you! Order Number: RT5676890',50,0),(4535,'Your task has already been assigned by Artnature Admin. Gratitude and Goodluck to you! Order Number: TR547698',51,0),(4536,'Your task has already been assigned by Artnature Admin. Gratitude and Goodluck to you! Order Number: TR769805',53,0),(4537,'Your task has already been assigned by Artnature Admin. Gratitude and Goodluck to you! Order Number: UA314901',54,0),(4538,'Your task has already been assigned by Artnature Admin. Gratitude and Goodluck to you! Order Number: WE238790',55,0),(4539,'Your task has already been assigned by Artnature Admin. Gratitude and Goodluck to you! Order Number: YT768976',56,0),(4540,'Your task has already been assigned by Artnature Admin. Gratitude and Goodluck to you! Order Number: ER467970',57,0),(4541,'Your task has already been assigned by Artnature Admin. Gratitude and Goodluck to you! Order Number: ET707870',58,0),(4542,'Your task has already been assigned by Artnature Admin. Gratitude and Goodluck to you! Order Number: TR587095',61,0),(4543,'Your task has already been assigned by Artnature Admin. Gratitude and Goodluck to you! Order Number: TRT05059',59,0),(4544,'Your task has already been assigned by Artnature Admin. Gratitude and Goodluck to you! Order Number: UY789007',60,0),(4545,'Your task has already been assigned by Artnature Admin. Gratitude and Goodluck to you! Order Number: TY707870',62,0),(4546,'Your task has already been assigned by Artnature Admin. Gratitude and Goodluck to you! Order Number: uy870760',64,0),(4547,'Your task has already been assigned by Artnature Admin. Gratitude and Goodluck to you! Order Number: YU787079',63,0),(4548,'Your task has already been assigned by Artnature Admin. Gratitude and Goodluck to you! Order Number: TY585907',65,1),(4549,'Your task has already been assigned by Artnature Admin. Gratitude and Goodluck to you! Order Number: YT787070',66,0),(4550,'Your task has already been assigned by Artnature Admin. Gratitude and Goodluck to you! Order Number: ER454647',67,0),(4551,'Your task has already been assigned by Artnature Admin. Gratitude and Goodluck to you! Order Number: ER679809',68,0),(4552,'Your task has already been assigned by Artnature Admin. Gratitude and Goodluck to you! Order Number: GH0876970',69,0),(4553,'Your task has already been assigned by Artnature Admin. Gratitude and Goodluck to you! Order Number: RT5687990',70,0),(4554,'Your task has already been assigned by Artnature Admin. Gratitude and Goodluck to you! Order Number: RT657809',71,0),(4555,'Your task has already been assigned by Artnature Admin. Gratitude and Goodluck to you! Order Number: RT768909',72,1),(4556,'Your task has already been assigned by Artnature Admin. Gratitude and Goodluck to you! Order Number: SD678009',73,1),(4557,'Your task has already been assigned by Artnature Admin. Gratitude and Goodluck to you! Order Number: YU780946',74,0),(4558,'Your task has already been assigned by Artnature Admin. Gratitude and Goodluck to you! Order Number: DS234509',75,1),(4559,'Your task has already been assigned by Artnature Admin. Gratitude and Goodluck to you! Order Number: FD542570',76,0),(4560,'Your task has already been assigned by Artnature Admin. Gratitude and Goodluck to you! Order Number: FD547632',77,0),(4561,'Your task has already been assigned by Artnature Admin. Gratitude and Goodluck to you! Order Number: FD769023',78,0),(4562,'Your task has already been assigned by Artnature Admin. Gratitude and Goodluck to you! Order Number: BG090750',79,0),(4563,'Your task has already been assigned by Artnature Admin. Gratitude and Goodluck to you! Order Number: BT760890',82,0),(4564,'Your task has already been assigned by Artnature Admin. Gratitude and Goodluck to you! Order Number: CE547688',86,0),(4565,'Your task has already been assigned by Artnature Admin. Gratitude and Goodluck to you! Order Number: CX548909',80,0),(4566,'Your task has already been assigned by Artnature Admin. Gratitude and Goodluck to you! Order Number: DS547683',92,0),(4567,'Your task has already been assigned by Artnature Admin. Gratitude and Goodluck to you! Order Number: EW547699',81,0),(4568,'Your task has already been assigned by Artnature Admin. Gratitude and Goodluck to you! Order Number: RT680770',83,0),(4569,'Your task has already been assigned by Artnature Admin. Gratitude and Goodluck to you! Order Number: VZ758533',84,0),(4570,'Your task has already been assigned by Artnature Admin. Gratitude and Goodluck to you! Order Number: WE436587',85,0),(4571,'Your task has already been assigned by Artnature Admin. Gratitude and Goodluck to you! Order Number: WW324111',88,0),(4572,'Your task has already been assigned by Artnature Admin. Gratitude and Goodluck to you! Order Number: EQ537507',87,0),(4573,'Your task has already been assigned by Artnature Admin. Gratitude and Goodluck to you! Order Number: FD658700',89,0),(4574,'Your task has already been assigned by Artnature Admin. Gratitude and Goodluck to you! Order Number: FF34DSS',90,0),(4575,'Your task has already been assigned by Artnature Admin. Gratitude and Goodluck to you! Order Number: FF34D5S',91,0),(4576,'Your task has already been assigned by Artnature Admin. Gratitude and Goodluck to you! Order Number: FS427506',93,0),(4577,'Your task has already been assigned by Artnature Admin. Gratitude and Goodluck to you! Order Number: OR459800',94,0),(4578,'Your task has already been assigned by Artnature Admin. Gratitude and Goodluck to you! Order Number: HT658709',96,0),(4579,'Your task has already been assigned by Artnature Admin. Gratitude and Goodluck to you! Order Number: OR760998',95,0),(4580,'Your task has already been assigned by Artnature Admin. Gratitude and Goodluck to you! Order Number: GD676073',97,0),(4581,'Your task has already been assigned by Artnature Admin. Gratitude and Goodluck to you! Order Number: OI098707',98,0),(4582,'Your task has already been assigned by Artnature Admin. Gratitude and Goodluck to you! Order Number: GW426488',99,0),(4583,'Your task has already been assigned by Artnature Admin. Gratitude and Goodluck to you! Order Number: II876533',100,0),(4584,'Your task has already been assigned by Artnature Admin. Gratitude and Goodluck to you! Order Number: HT76885',101,0),(4585,'Your task has already been assigned by Artnature Admin. Gratitude and Goodluck to you! Order Number: IT790522',102,0),(4586,'Your task has already been assigned by Artnature Admin. Gratitude and Goodluck to you! Order Number: OR43151',103,0),(4587,'Your task has already been assigned by Artnature Admin. Gratitude and Goodluck to you! Order Number: OR654311',105,0),(4588,'Your task has already been assigned by Artnature Admin. Gratitude and Goodluck to you! Order Number: OR658743',104,0),(4589,'Your task has already been assigned by Artnature Admin. Gratitude and Goodluck to you! Order Number: YT769800',106,0),(4590,'Your task has already been assigned by Artnature Admin. Gratitude and Goodluck to you! Order Number: UY870706',107,0),(4591,'Your task has already been assigned by Artnature Admin. Gratitude and Goodluck to you! Order Number: YT870908',108,0),(4592,'Your task has already been assigned by Artnature Admin. Gratitude and Goodluck to you! Order Number: XB369600',109,1),(4593,'beed to fix asap',33,1),(4594,'Fix side ',26,0),(4598,'Need to fix',54,0),(4599,'Fix',54,0),(4646,'The system detected that you didnt meet the expected percentage of task progress this 2022-12-08. Please allow extra time to finish the task. You have only 1 days remaining. Thank you!',73,1),(4712,'The system detected that you didnt meet the expected percentage of task progress this 2022-12-08. Please allow extra time to finish the task. You have only 6 days remaining. Thank you!',79,0),(4765,'Your Order Number: FG780700, is Severly Damage please message your manager for further information about your damage product. ASAP!',33,1),(4766,'Your Order Number: DF457870, is Severly Damage please message your manager for further information about your damage product. ASAP!',28,0),(4767,'Your Order Number: BT760890, is Severly Damage please message your manager for further information about your damage product. ASAP!',82,0),(4768,'Your Order Number: BG090750, is Severly Damage please message your manager for further information about your damage product. ASAP!',79,0),(4769,'Your Order Number: CE547688, is Severly Damage please message your manager for further information about your damage product. ASAP!',86,0),(4770,'The admin praise your work. Order Number: FG780700',33,1),(4772,'dbjcsd',22,1),(4773,'Dolpo Pinopo FAILED TO MEET THE EXPECTED PROCESS ON DAY 3',2,0),(4774,'The system detected that you didnt meet the expected percentage of task progress this 2022-12-09. Please allow extra time to finish the task. You have only 5 days remaining. Thank you!',79,0),(4775,'Renz Capin FAILED TO MEET THE EXPECTED PROCESS ON DAY 3',2,0),(4777,'Patt Restorio FAILED TO MEET THE EXPECTED PROCESS ON DAY 3',2,0),(4779,'Trecia Mae Diokno FAILED TO MEET THE EXPECTED PROCESS ON DAY 5',2,0),(4780,'The system detected that you didnt meet the expected percentage of task progress this 2022-12-09. Please allow extra time to finish the task. You have only 3 days remaining. Thank you!',80,0),(4781,'Lorievic Pasper FAILED TO MEET THE EXPECTED PROCESS ON DAY 3',2,0),(4783,'Maxinee Lomarco FAILED TO MEET THE EXPECTED PROCESS ON DAY 3',2,0),(4785,'Trecia Mae Diokno FAILED TO MEET THE EXPECTED PROCESS ON DAY 3',2,0),(4787,'Dlar Caroma FAILED TO MEET THE EXPECTED PROCESS ON DAY 3',2,0),(4789,'Ten-Ten Mendoza FAILED TO MEET THE EXPECTED PROCESS ON DAY 3',2,0),(4791,'Franco Pitor FAILED TO MEET THE EXPECTED PROCESS ON DAY 3',2,0),(4793,'Ryzen Ibano FAILED TO MEET THE EXPECTED PROCESS ON DAY 3',2,0),(4795,'Ivy Cortes FAILED TO MEET THE EXPECTED PROCESS ON DAY 3',2,0),(4797,'Miko Mendez FAILED TO MEET THE EXPECTED PROCESS ON DAY 3',2,0),(4799,'Boyet Gano FAILED TO MEET THE EXPECTED PROCESS ON DAY 3',2,0),(4801,'Regor Manate FAILED TO MEET THE EXPECTED PROCESS ON DAY 3',2,0),(4803,'Jem Luños FAILED TO MEET THE EXPECTED PROCESS ON DAY 3',2,0),(4805,'Aleah Farah Alarcon FAILED TO MEET THE EXPECTED PROCESS ON DAY 3',2,0),(4807,'ciang diokno FAILED TO MEET THE EXPECTED PROCESS ON DAY 3',2,0),(4809,'Ming Ming FAILED TO MEET THE EXPECTED PROCESS ON DAY 3',2,0),(4811,'Baldo Poster FAILED TO MEET THE EXPECTED PROCESS ON DAY 3',2,0),(4813,'Patrick Lopez FAILED TO MEET THE EXPECTED PROCESS ON DAY 3',2,0),(4815,'Mary Grace Sanches FAILED TO MEET THE EXPECTED PROCESS ON DAY 3',2,0),(5169,'Your Order Number: HT658709, is Severly Damage please message your manager for further information about your damage product. ASAP!',96,0),(5170,'The admin praise your work. Order Number: HT658709',96,0);
/*!40000 ALTER TABLE `notification` ENABLE KEYS */;
UNLOCK TABLES;

--
-- Table structure for table `reference_code`
--

DROP TABLE IF EXISTS `reference_code`;
/*!40101 SET @saved_cs_client     = @@character_set_client */;
/*!50503 SET character_set_client = utf8mb4 */;
CREATE TABLE `reference_code` (
  `ref_id` varchar(10) NOT NULL,
  `name` varchar(45) NOT NULL,
  `ranking` varchar(45) NOT NULL,
  `description` varchar(45) NOT NULL,
  `group_name` varchar(45) NOT NULL,
  PRIMARY KEY (`ref_id`)
) ENGINE=InnoDB DEFAULT CHARSET=utf8mb3;
/*!40101 SET character_set_client = @saved_cs_client */;

--
-- Dumping data for table `reference_code`
--

LOCK TABLES `reference_code` WRITE;
/*!40000 ALTER TABLE `reference_code` DISABLE KEYS */;
INSERT INTO `reference_code` VALUES ('bstts1','New','1','Batch Status','bstts'),('bstts2','Production','2','Batch Status','bstts'),('bstts3','Done','3','Batch Status','bstts'),('bstts4','Archived','4','Batch Status','bstts'),('bstts5','Delivered','5','Batch Status','bstts'),('mdl1','ESNP','1','Wig Model','mdl'),('mdl2','NS','2','Wig Model','mdl'),('mdl3','HFL','3','Wig Model','mdl'),('mdl4','HPL','4','Wig Model','mdl'),('mdl5','NY','5','Wig Model ','mdl'),('sz1','1','1','Wig Size','sz'),('sz2','2','2','Wig Size','sz'),('sz3','3','3','Wig Size','sz'),('sz4','4','4','Wig Size ','sz'),('tstts1','New','1','Task Status','tstts'),('tstts2','Production','2','Task Status','tstts'),('tstts3','Done','3','Task Status','tstts'),('tstts4','Archived','4','Task Status','tstts'),('tstts5','Lapsed','5','Task Status','tstts'),('tstts6','Damage','6','Task Status','tstts'),('tstts7','On Time','7','Task Status','tstts'),('tstts8','Early','8','Task Status','tstts'),('typ1','Type 1','1','Wig Type','typ'),('typ2','Type 2','2','Wig Type','typ'),('typ3','Type 3','3','Wig Type ','typ'),('typ4','Type 4','4','Wig Type','typ'),('ur1','Admin','1','User Role','ur'),('ur2','Employee: On-Site','2','User Role','ur'),('ur3','Employee: Work-From-Home','3','User Role','ur'),('ur4','Driver','4','User Role','ur'),('ustts1','Pending','1','User Status','ustts'),('ustts2','Approved','2','User Status','ustts'),('ustts4','Archived','4','User Status','ustts'),('ustts5','Locked','5','User Status','ustts'),('ustts6','To Approved','6','User Status','ustts');
/*!40000 ALTER TABLE `reference_code` ENABLE KEYS */;
UNLOCK TABLES;

--
-- Table structure for table `task_batch`
--

DROP TABLE IF EXISTS `task_batch`;
/*!40101 SET @saved_cs_client     = @@character_set_client */;
/*!50503 SET character_set_client = utf8mb4 */;
CREATE TABLE `task_batch` (
  `batch_id` int NOT NULL AUTO_INCREMENT,
  `name` varchar(45) NOT NULL,
  `status` varchar(45) NOT NULL,
  `progress` varchar(45) NOT NULL,
  `date_created` datetime NOT NULL DEFAULT CURRENT_TIMESTAMP,
  `assigned_driver` int DEFAULT NULL,
  PRIMARY KEY (`batch_id`),
  UNIQUE KEY `batch_id_UNIQUE` (`batch_id`),
  UNIQUE KEY `name_UNIQUE` (`name`)
) ENGINE=InnoDB AUTO_INCREMENT=29 DEFAULT CHARSET=latin1;
/*!40101 SET character_set_client = @saved_cs_client */;

--
-- Dumping data for table `task_batch`
--

LOCK TABLES `task_batch` WRITE;
/*!40000 ALTER TABLE `task_batch` DISABLE KEYS */;
INSERT INTO `task_batch` VALUES (23,'BATCH001','bstts2','46.25','2022-12-07 01:30:51',NULL),(24,'BATCH002','bstts2','29.69','2022-12-07 01:31:33',NULL),(25,'BATCH003','bstts2','46.88','2022-12-07 01:32:01',NULL),(26,'BATCH004','bstts2','40.31','2022-12-07 01:32:30',NULL),(27,'BATCH005','bstts2','38.19','2022-12-07 01:32:57',NULL),(28,'BATCH006','bstts2','92.36','2022-12-07 01:33:24',44);
/*!40000 ALTER TABLE `task_batch` ENABLE KEYS */;
UNLOCK TABLES;

--
-- Table structure for table `task_batch_location`
--

DROP TABLE IF EXISTS `task_batch_location`;
/*!40101 SET @saved_cs_client     = @@character_set_client */;
/*!50503 SET character_set_client = utf8mb4 */;
CREATE TABLE `task_batch_location` (
  `batch_location_id` int NOT NULL AUTO_INCREMENT,
  `location_id` int DEFAULT NULL,
  `batch_id` varchar(100) DEFAULT NULL,
  `user_id` int DEFAULT NULL,
  `date_created` datetime DEFAULT CURRENT_TIMESTAMP,
  PRIMARY KEY (`batch_location_id`),
  UNIQUE KEY `batch_location_id_UNIQUE` (`batch_location_id`)
) ENGINE=InnoDB AUTO_INCREMENT=18 DEFAULT CHARSET=latin1;
/*!40101 SET character_set_client = @saved_cs_client */;

--
-- Dumping data for table `task_batch_location`
--

LOCK TABLES `task_batch_location` WRITE;
/*!40000 ALTER TABLE `task_batch_location` DISABLE KEYS */;
INSERT INTO `task_batch_location` VALUES (14,3,'BATCH006',44,'2022-12-08 08:47:05'),(15,4,'BATCH006',44,'2022-12-08 08:48:08'),(16,2,'BATCH006',44,'2022-12-08 08:54:17'),(17,5,'BATCH006',44,'2022-12-08 08:54:33');
/*!40000 ALTER TABLE `task_batch_location` ENABLE KEYS */;
UNLOCK TABLES;

--
-- Table structure for table `task_progress_history`
--

DROP TABLE IF EXISTS `task_progress_history`;
/*!40101 SET @saved_cs_client     = @@character_set_client */;
/*!50503 SET character_set_client = utf8mb4 */;
CREATE TABLE `task_progress_history` (
  `id` int NOT NULL AUTO_INCREMENT,
  `image` varchar(255) NOT NULL,
  `date_created` datetime NOT NULL DEFAULT CURRENT_TIMESTAMP,
  `task_id` varchar(45) NOT NULL,
  `progress` int NOT NULL,
  `area_no` varchar(255) NOT NULL,
  PRIMARY KEY (`id`),
  UNIQUE KEY `id_UNIQUE` (`id`)
) ENGINE=InnoDB AUTO_INCREMENT=1246 DEFAULT CHARSET=latin1;
/*!40101 SET character_set_client = @saved_cs_client */;

--
-- Dumping data for table `task_progress_history`
--

LOCK TABLES `task_progress_history` WRITE;
/*!40000 ALTER TABLE `task_progress_history` DISABLE KEYS */;
INSERT INTO `task_progress_history` VALUES (605,'img/history/images (8).jpeg','2022-12-07 02:35:05','DF457870',0,'area_i'),(606,'img/history/images (8).jpeg','2022-12-07 02:35:20','DF457870',0,'area_i'),(607,'img/history/images (8).jpeg','2022-12-07 02:35:35','DF457870',0,'area_i'),(608,'img/history/images (8).jpeg','2022-12-07 19:26:02','BT760890',0,'area_i'),(609,'img/history/images (8).jpeg','2022-12-07 19:26:17','BT760890',0,'area_i'),(610,'img/history/images (16).jpeg','2022-12-07 19:33:17','BT760890',0,'area_i'),(611,'img/history/IMG_20221208_083833.jpg','2022-12-07 19:39:23','BG090750',0,'area_i'),(612,'img/history/IMG_20221208_083833.jpg','2022-12-07 19:39:33','BG090750',0,'area_i'),(613,'img/history/IMG_20221208_083847.jpg','2022-12-07 19:39:42','BG090750',0,'area_i'),(614,'img/history/IMG_20221208_083833.jpg','2022-12-07 19:40:22','CE547688',0,'area_i'),(615,'img/history/IMG_20221208_083833.jpg','2022-12-07 19:40:32','CE547688',0,'area_i'),(616,'img/history/IMG_20221208_083833.jpg','2022-12-07 19:40:43','CE547688',0,'area_i'),(617,'img/history/IMG_20221208_083847.jpg','2022-12-07 19:40:54','CE547688',0,'area_i'),(618,'img/history/IMG_20221208_083833.jpg','2022-12-07 19:43:01','DK231561',0,'area_i'),(619,'img/history/IMG_20221208_083833.jpg','2022-12-07 19:43:12','DK231561',0,'area_i'),(620,'img/history/IMG_20221208_083833.jpg','2022-12-07 19:43:21','DK231561',0,'area_i'),(621,'img/history/IMG_20221208_083847.jpg','2022-12-07 19:43:45','DK231561',0,'area_i'),(622,'img/history/IMG_20221208_083833.jpg','2022-12-07 19:45:56','FG780700',0,'area_i'),(623,'img/history/IMG_20221208_083833.jpg','2022-12-07 19:46:06','FG780700',0,'area_i'),(624,'img/history/IMG_20221208_083833.jpg','2022-12-07 19:46:14','FG780700',0,'area_i'),(625,'img/history/IMG_20221208_083847.jpg','2022-12-07 19:46:25','FG780700',0,'area_i'),(626,'img/history/IMG_20221208_083833.jpg','2022-12-07 19:47:15','EW233320',0,'area_i'),(627,'img/history/IMG_20221208_083833.jpg','2022-12-07 19:47:25','EW233320',0,'area_i'),(628,'img/history/IMG_20221208_083833.jpg','2022-12-07 19:47:35','EW233320',0,'area_i'),(629,'img/history/IMG_20221208_083833.jpg','2022-12-07 19:49:05','TY585907',0,'area_i'),(630,'img/history/IMG_20221208_083833.jpg','2022-12-07 19:49:15','TY585907',0,'area_i'),(631,'img/history/IMG_20221208_083833.jpg','2022-12-07 19:49:27','TY585907',0,'area_i'),(632,'img/history/IMG_20221208_083847.jpg','2022-12-07 19:49:42','TY585907',0,'area_i'),(633,'img/history/IMG_20221208_083833.jpg','2022-12-07 19:50:31','WW123131',0,'area_i'),(634,'img/history/IMG_20221208_083833.jpg','2022-12-07 19:50:39','WW123131',0,'area_i'),(635,'img/history/IMG_20221208_083833.jpg','2022-12-07 19:50:56','WW123131',0,'area_i'),(636,'img/history/IMG_20221208_083833.jpg','2022-12-07 19:51:45','EQ537507',0,'area_i'),(637,'img/history/IMG_20221208_083833.jpg','2022-12-07 19:51:54','EQ537507',0,'area_i'),(638,'img/history/IMG_20221208_083833.jpg','2022-12-07 19:52:04','EQ537507',0,'area_i'),(639,'img/history/IMG_20221208_083833.jpg','2022-12-07 19:52:21','EQ537507',0,'area_i'),(640,'img/history/IMG_20221208_083833.jpg','2022-12-07 19:53:38','EE312356',0,'area_i'),(641,'img/history/IMG_20221208_083833.jpg','2022-12-07 19:53:47','EE312356',0,'area_i'),(642,'img/history/IMG_20221208_083833.jpg','2022-12-07 19:54:01','EE312356',0,'area_i'),(643,'img/history/IMG_20221208_083833.jpg','2022-12-07 19:54:11','EE312356',0,'area_i'),(644,'img/history/IMG_20221208_083833.jpg','2022-12-07 19:54:50','DS234509',0,'area_i'),(645,'img/history/IMG_20221208_083833.jpg','2022-12-07 19:55:00','DS234509',0,'area_i'),(646,'img/history/IMG_20221208_083833.jpg','2022-12-07 19:55:13','DS234509',0,'area_i'),(647,'img/history/IMG_20221208_083833.jpg','2022-12-07 19:55:23','DS234509',0,'area_i'),(648,'img/history/IMG_20221208_083847.jpg','2022-12-07 19:55:34','DS234509',0,'area_ii'),(649,'img/history/IMG_20221208_083833.jpg','2022-12-07 19:56:19','ER679809',0,'area_i'),(650,'img/history/IMG_20221208_083833.jpg','2022-12-07 19:56:27','ER679809',0,'area_i'),(651,'img/history/IMG_20221208_083833.jpg','2022-12-07 19:56:37','ER679809',0,'area_i'),(652,'img/history/IMG_20221208_083833.jpg','2022-12-07 19:56:50','ER679809',0,'area_i'),(653,'img/history/IMG_20221208_083847.jpg','2022-12-07 19:57:02','ER679809',0,'area_ii'),(654,'img/history/IMG_20221208_083833.jpg','2022-12-07 19:58:17','ET707870',0,'area_i'),(655,'img/history/IMG_20221208_083833.jpg','2022-12-07 19:58:26','ET707870',0,'area_i'),(656,'img/history/IMG_20221208_083833.jpg','2022-12-07 19:58:39','ET707870',0,'area_i'),(657,'img/history/IMG_20221208_083833.jpg','2022-12-07 19:58:49','ET707870',0,'area_i'),(658,'img/history/IMG_20221208_083847.jpg','2022-12-07 19:59:00','ET707870',0,'area_ii'),(659,'img/history/IMG_20221208_083833.jpg','2022-12-07 20:01:31','EW233320',0,'area_i'),(660,'img/history/IMG_20221208_083847.jpg','2022-12-07 20:01:48','EW233320',0,'area_ii'),(661,'img/history/IMG_20221208_083833.jpg','2022-12-07 20:02:28','EW328709',0,'area_i'),(662,'img/history/IMG_20221208_083833.jpg','2022-12-07 20:02:37','EW328709',0,'area_i'),(663,'img/history/IMG_20221208_083833.jpg','2022-12-07 20:02:46','EW328709',0,'area_i'),(664,'img/history/IMG_20221208_083847.jpg','2022-12-07 20:03:00','EW328709',0,'area_ii'),(665,'img/history/IMG_20221208_083833.jpg','2022-12-07 20:03:11','EW328709',0,'area_i'),(666,'img/history/IMG_20221208_083833.jpg','2022-12-07 20:03:51','FD346512',0,'area_i'),(667,'img/history/IMG_20221208_083833.jpg','2022-12-07 20:04:00','FD346512',0,'area_i'),(668,'img/history/IMG_20221208_083833.jpg','2022-12-07 20:04:10','FD346512',0,'area_i'),(669,'img/history/IMG_20221208_083833.jpg','2022-12-07 20:04:21','FD346512',0,'area_i'),(670,'img/history/IMG_20221208_083847.jpg','2022-12-07 20:04:32','FD346512',0,'area_ii'),(671,'img/history/IMG_20221208_083833.jpg','2022-12-07 20:05:15','FD542570',0,'area_i'),(672,'img/history/IMG_20221208_083833.jpg','2022-12-07 20:05:24','FD542570',0,'area_i'),(673,'img/history/IMG_20221208_083833.jpg','2022-12-07 20:05:34','FD542570',0,'area_i'),(674,'img/history/IMG_20221208_083833.jpg','2022-12-07 20:05:44','FD542570',0,'area_i'),(675,'img/history/IMG_20221208_083833.jpg','2022-12-07 20:25:11','DS547683',0,'area_i'),(676,'img/history/IMG_20221208_083833.jpg','2022-12-07 20:26:45','DS547683',0,'area_i'),(677,'img/history/IMG_20221208_083833.jpg','2022-12-07 20:27:10','DS547683',0,'area_i'),(678,'img/history/IMG_20221208_083833.jpg','2022-12-07 20:27:21','DS547683',0,'area_i'),(679,'img/history/IMG_20221208_083847.jpg','2022-12-07 20:27:40','DS547683',0,'area_ii'),(680,'img/history/IMG_20221208_083833.jpg','2022-12-07 20:29:05','FD547632',0,'area_i'),(681,'img/history/IMG_20221208_083833.jpg','2022-12-07 20:29:14','FD547632',0,'area_i'),(682,'img/history/IMG_20221208_083833.jpg','2022-12-07 20:29:23','FD547632',0,'area_i'),(683,'img/history/IMG_20221208_083833.jpg','2022-12-07 20:29:33','FD547632',0,'area_i'),(684,'img/history/IMG_20221208_083847.jpg','2022-12-07 20:29:42','FD547632',0,'area_ii'),(685,'img/history/IMG_20221208_083833.jpg','2022-12-07 20:31:00','FF34D5S',0,'area_i'),(686,'img/history/IMG_20221208_083833.jpg','2022-12-07 20:31:09','FF34D5S',0,'area_i'),(687,'img/history/IMG_20221208_083833.jpg','2022-12-07 20:31:18','FF34D5S',0,'area_i'),(688,'img/history/IMG_20221208_083833.jpg','2022-12-07 20:31:29','FF34D5S',0,'area_i'),(689,'img/history/IMG_20221208_083833.jpg','2022-12-07 20:32:20','FF34DSS',0,'area_i'),(690,'img/history/IMG_20221208_083833.jpg','2022-12-07 20:32:28','FF34DSS',0,'area_i'),(691,'img/history/IMG_20221208_083833.jpg','2022-12-07 20:32:37','FF34DSS',0,'area_i'),(692,'img/history/IMG_20221208_083833.jpg','2022-12-07 20:32:49','FF34DSS',0,'area_i'),(693,'img/history/IMG_20221208_083847.jpg','2022-12-07 20:32:59','FF34DSS',0,'area_ii'),(694,'img/history/IMG_20221208_083847.jpg','2022-12-07 20:33:07','FF34DSS',0,'area_ii'),(695,'img/history/IMG_20221208_083833.jpg','2022-12-07 20:33:52','FG780760',0,'area_i'),(696,'img/history/IMG_20221208_083833.jpg','2022-12-07 20:34:01','FG780760',0,'area_i'),(697,'img/history/IMG_20221208_083833.jpg','2022-12-07 20:34:10','FG780760',0,'area_i'),(698,'img/history/IMG_20221208_083833.jpg','2022-12-07 20:34:20','FG780760',0,'area_i'),(699,'img/history/IMG_20221208_083847.jpg','2022-12-07 20:34:29','FG780760',0,'area_ii'),(700,'img/history/IMG_20221208_083847.jpg','2022-12-07 20:34:37','FG780760',0,'area_ii'),(701,'img/history/IMG_20221208_083833.jpg','2022-12-07 20:35:16','FG900760',0,'area_i'),(702,'img/history/IMG_20221208_083833.jpg','2022-12-07 20:35:25','FG900760',0,'area_i'),(703,'img/history/IMG_20221208_083833.jpg','2022-12-07 20:35:34','FG900760',0,'area_i'),(704,'img/history/IMG_20221208_083833.jpg','2022-12-07 20:35:50','FG900760',0,'area_i'),(705,'img/history/IMG_20221208_083847.jpg','2022-12-07 20:36:09','FG900760',0,'area_ii'),(706,'img/history/IMG_20221208_083833.jpg','2022-12-07 20:37:02','FS427506',0,'area_i'),(707,'img/history/IMG_20221208_083833.jpg','2022-12-07 20:37:02','FS427506',0,'area_i'),(708,'img/history/IMG_20221208_083833.jpg','2022-12-07 20:37:11','FS427506',0,'area_i'),(709,'img/history/IMG_20221208_083833.jpg','2022-12-07 20:37:20','FS427506',0,'area_i'),(710,'img/history/IMG_20221208_083833.jpg','2022-12-07 20:37:29','FS427506',0,'area_i'),(711,'img/history/IMG_20221208_083847.jpg','2022-12-07 20:37:37','FS427506',0,'area_ii'),(712,'img/history/IMG_20221208_083847.jpg','2022-12-07 20:37:55','FS427506',0,'area_ii'),(713,'img/history/IMG_20221208_083833.jpg','2022-12-07 20:38:48','GD676073',0,'area_i'),(714,'img/history/IMG_20221208_083833.jpg','2022-12-07 20:38:58','GD676073',0,'area_i'),(715,'img/history/IMG_20221208_083833.jpg','2022-12-07 20:39:07','GD676073',0,'area_i'),(716,'img/history/IMG_20221208_083833.jpg','2022-12-07 20:39:26','GD676073',0,'area_i'),(717,'img/history/IMG_20221208_083847.jpg','2022-12-07 20:39:40','GD676073',0,'area_ii'),(718,'img/history/IMG_20221208_083833.jpg','2022-12-07 20:40:23','GF567350',0,'area_i'),(719,'img/history/IMG_20221208_083833.jpg','2022-12-07 20:40:35','GF567350',0,'area_i'),(720,'img/history/IMG_20221208_083833.jpg','2022-12-07 20:40:50','GF567350',0,'area_i'),(721,'img/history/IMG_20221208_083833.jpg','2022-12-07 20:41:40','GF567350',0,'area_i'),(722,'img/history/IMG_20221208_083847.jpg','2022-12-07 20:41:49','GF567350',0,'area_ii'),(723,'img/history/IMG_20221208_083847.jpg','2022-12-07 20:42:00','GF567350',0,'area_ii'),(724,'img/history/IMG_20221208_083847.jpg','2022-12-07 20:42:10','GF567350',0,'area_ii'),(725,'img/history/IMG_20221208_083833.jpg','2022-12-07 20:42:48','GW426488',0,'area_i'),(726,'img/history/IMG_20221208_083833.jpg','2022-12-07 20:42:57','GW426488',0,'area_i'),(727,'img/history/IMG_20221208_083833.jpg','2022-12-07 20:43:06','GW426488',0,'area_i'),(728,'img/history/IMG_20221208_083833.jpg','2022-12-07 20:43:18','GW426488',0,'area_i'),(729,'img/history/IMG_20221208_083847.jpg','2022-12-07 20:43:36','GW426488',0,'area_ii'),(730,'img/history/IMG_20221208_083847.jpg','2022-12-07 20:43:51','GW426488',0,'area_ii'),(731,'img/history/IMG_20221208_083833.jpg','2022-12-07 20:44:50','HG670850',0,'area_i'),(732,'img/history/IMG_20221208_083833.jpg','2022-12-07 20:44:50','HG670850',0,'area_i'),(733,'img/history/IMG_20221208_083833.jpg','2022-12-07 20:45:00','HG670850',0,'area_i'),(734,'img/history/IMG_20221208_083833.jpg','2022-12-07 20:45:09','HG670850',0,'area_i'),(735,'img/history/IMG_20221208_083833.jpg','2022-12-07 20:45:22','HG670850',0,'area_i'),(736,'img/history/IMG_20221208_083847.jpg','2022-12-07 20:45:58','HG670850',0,'area_ii'),(737,'img/history/5262c202d4912903de42ebb0c6d6a75f.jpg','2022-12-07 21:03:16','FG780700',0,'area_ii'),(738,'img/history/IMG_20221208_083833.jpg','2022-12-07 21:53:05','HT658709',0,'area_i'),(739,'img/history/IMG_20221208_083833.jpg','2022-12-07 21:53:14','HT658709',0,'area_i'),(740,'img/history/IMG_20221208_083833.jpg','2022-12-07 21:53:24','HT658709',0,'area_i'),(741,'img/history/IMG_20221208_083833.jpg','2022-12-07 21:53:35','HT658709',0,'area_i'),(742,'img/history/IMG_20221208_083847.jpg','2022-12-07 21:53:48','HT658709',0,'area_ii'),(743,'img/history/IMG_20221208_083847.jpg','2022-12-07 21:53:57','HT658709',0,'area_ii'),(744,'img/history/IMG_20221208_083833.jpg','2022-12-07 21:54:33','HT76885',0,'area_i'),(745,'img/history/IMG_20221208_083833.jpg','2022-12-07 21:54:43','HT76885',0,'area_i'),(746,'img/history/IMG_20221208_083833.jpg','2022-12-07 21:54:52','HT76885',0,'area_i'),(747,'img/history/IMG_20221208_083833.jpg','2022-12-07 21:55:02','HT76885',0,'area_i'),(748,'img/history/IMG_20221208_083847.jpg','2022-12-07 21:55:14','HT76885',0,'area_ii'),(749,'img/history/IMG_20221208_083847.jpg','2022-12-07 21:55:23','HT76885',0,'area_ii'),(750,'img/history/IMG_20221208_083847.jpg','2022-12-07 21:55:34','HT76885',0,'area_ii'),(751,'img/history/IMG_20221208_083847.jpg','2022-12-07 21:55:58','HT76885',0,'area_ii'),(752,'img/history/IMG_20221208_083833.jpg','2022-12-07 21:56:37','II876533',0,'area_i'),(753,'img/history/IMG_20221208_083833.jpg','2022-12-07 21:56:46','II876533',0,'area_i'),(754,'img/history/IMG_20221208_083833.jpg','2022-12-07 21:56:56','II876533',0,'area_i'),(755,'img/history/IMG_20221208_083847.jpg','2022-12-07 21:57:11','II876533',0,'area_i'),(756,'img/history/IMG_20221208_083847.jpg','2022-12-07 21:57:21','II876533',0,'area_ii'),(757,'img/history/IMG_20221208_083847.jpg','2022-12-07 21:57:30','II876533',0,'area_ii'),(758,'img/history/IMG_20221208_083847.jpg','2022-12-07 21:57:40','II876533',0,'area_ii'),(759,'img/history/IMG_20221208_083833.jpg','2022-12-07 21:58:35','IT790522',0,'area_i'),(760,'img/history/IMG_20221208_083833.jpg','2022-12-07 21:58:44','IT790522',0,'area_i'),(761,'img/history/IMG_20221208_083833.jpg','2022-12-07 21:58:53','IT790522',0,'area_i'),(762,'img/history/IMG_20221208_083833.jpg','2022-12-07 21:59:04','IT790522',0,'area_i'),(763,'img/history/IMG_20221208_083847.jpg','2022-12-07 21:59:12','IT790522',0,'area_ii'),(764,'img/history/IMG_20221208_083847.jpg','2022-12-07 21:59:25','IT790522',0,'area_ii'),(765,'img/history/IMG_20221208_083833.jpg','2022-12-07 22:00:03','IU097680',0,'area_i'),(766,'img/history/IMG_20221208_083833.jpg','2022-12-07 22:00:11','IU097680',0,'area_i'),(767,'img/history/IMG_20221208_083833.jpg','2022-12-07 22:00:20','IU097680',0,'area_i'),(768,'img/history/IMG_20221208_083833.jpg','2022-12-07 22:00:34','IU097680',0,'area_i'),(769,'img/history/IMG_20221208_083847.jpg','2022-12-07 22:00:44','IU097680',0,'area_ii'),(770,'img/history/IMG_20221208_083847.jpg','2022-12-07 22:00:53','IU097680',0,'area_ii'),(771,'img/history/IMG_20221208_083847.jpg','2022-12-07 22:01:02','IU097680',0,'area_ii'),(772,'img/history/IMG_20221208_083833.jpg','2022-12-07 22:01:43','JA392841',0,'area_i'),(773,'img/history/IMG_20221208_083833.jpg','2022-12-07 22:01:52','JA392841',0,'area_i'),(774,'img/history/IMG_20221208_083833.jpg','2022-12-07 22:02:02','JA392841',0,'area_i'),(775,'img/history/IMG_20221208_083847.jpg','2022-12-07 22:02:14','JA392841',0,'area_ii'),(776,'img/history/IMG_20221208_083833.jpg','2022-12-07 22:02:23','JA392841',0,'area_i'),(777,'img/history/IMG_20221208_083847.jpg','2022-12-07 22:02:33','JA392841',0,'area_ii'),(778,'img/history/IMG_20221208_083833.jpg','2022-12-07 22:03:20','OR459800',0,'area_i'),(779,'img/history/IMG_20221208_083833.jpg','2022-12-07 22:03:28','OR459800',0,'area_i'),(780,'img/history/IMG_20221208_083833.jpg','2022-12-07 22:03:37','OR459800',0,'area_i'),(781,'img/history/IMG_20221208_083833.jpg','2022-12-07 22:03:51','OR459800',0,'area_i'),(782,'img/history/IMG_20221208_083847.jpg','2022-12-07 22:04:00','OR459800',0,'area_ii'),(783,'img/history/IMG_20221208_083847.jpg','2022-12-07 22:04:10','OR459800',0,'area_ii'),(784,'img/history/IMG_20221208_083833.jpg','2022-12-07 22:04:53','OR567839',0,'area_i'),(785,'img/history/IMG_20221208_083833.jpg','2022-12-07 22:05:03','OR567839',0,'area_i'),(786,'img/history/IMG_20221208_083833.jpg','2022-12-07 22:05:13','OR567839',0,'area_i'),(787,'img/history/IMG_20221208_083847.jpg','2022-12-07 22:05:24','OR567839',0,'area_i'),(788,'img/history/IMG_20221208_083847.jpg','2022-12-07 22:05:34','OR567839',0,'area_ii'),(789,'img/history/IMG_20221208_083833.jpg','2022-12-07 22:09:57','OR654311',0,'area_ii'),(790,'img/history/IMG_20221208_083833.jpg','2022-12-07 22:10:10','OR654311',0,'area_i'),(791,'img/history/IMG_20221208_083833.jpg','2022-12-07 22:10:29','OR654311',0,'area_i'),(792,'img/history/IMG_20221208_083833.jpg','2022-12-07 22:10:39','OR654311',0,'area_i'),(793,'img/history/IMG_20221208_083833.jpg','2022-12-07 22:10:50','OR654311',0,'area_i'),(794,'img/history/IMG_20221208_083833.jpg','2022-12-07 22:11:08','OR654311',0,'area_ii'),(795,'img/history/IMG_20221208_083833.jpg','2022-12-07 22:12:12','OR658743',0,'area_i'),(796,'img/history/IMG_20221208_083833.jpg','2022-12-07 22:12:22','OR658743',0,'area_i'),(797,'img/history/IMG_20221208_083833.jpg','2022-12-07 22:12:33','OR658743',0,'area_i'),(798,'img/history/IMG_20221208_083833.jpg','2022-12-07 22:12:47','OR658743',0,'area_i'),(799,'img/history/IMG_20221208_083847.jpg','2022-12-07 22:12:59','OR658743',0,'area_ii'),(800,'img/history/IMG_20221208_083833.jpg','2022-12-07 22:13:53','OR760998',0,'area_i'),(801,'img/history/IMG_20221208_083833.jpg','2022-12-07 22:14:04','OR760998',0,'area_i'),(802,'img/history/IMG_20221208_083833.jpg','2022-12-07 22:14:13','OR760998',0,'area_i'),(803,'img/history/IMG_20221208_083833.jpg','2022-12-07 22:14:29','OR760998',0,'area_i'),(804,'img/history/IMG_20221208_083847.jpg','2022-12-07 22:14:39','OR760998',0,'area_ii'),(805,'img/history/IMG_20221208_083847.jpg','2022-12-07 22:14:48','OR760998',0,'area_ii'),(806,'img/history/IMG_20221208_083833.jpg','2022-12-07 22:15:48','QQ123134',0,'area_i'),(807,'img/history/IMG_20221208_083833.jpg','2022-12-07 22:15:57','QQ123134',0,'area_i'),(808,'img/history/IMG_20221208_083833.jpg','2022-12-07 22:16:10','QQ123134',0,'area_i'),(809,'img/history/IMG_20221208_083833.jpg','2022-12-07 22:16:22','QQ123134',0,'area_i'),(810,'img/history/IMG_20221208_083833.jpg','2022-12-07 22:16:39','QQ123134',0,'area_ii'),(811,'img/history/IMG_20221208_083847.jpg','2022-12-07 22:16:51','QQ123134',0,'area_ii'),(812,'img/history/IMG_20221208_083833.jpg','2022-12-07 22:18:33','RE439807',0,'area_i'),(813,'img/history/IMG_20221208_083833.jpg','2022-12-07 22:18:45','RE439807',0,'area_i'),(814,'img/history/IMG_20221208_083833.jpg','2022-12-07 22:18:54','RE439807',0,'area_i'),(815,'img/history/IMG_20221208_083833.jpg','2022-12-07 22:19:04','RE439807',0,'area_i'),(816,'img/history/IMG_20221208_083847.jpg','2022-12-07 22:19:23','RE439807',0,'area_ii'),(817,'img/history/IMG_20221208_083833.jpg','2022-12-07 22:20:06','SD678009',0,'area_i'),(818,'img/history/IMG_20221208_083833.jpg','2022-12-07 22:21:01','SD678009',0,'area_i'),(819,'img/history/IMG_20221208_083833.jpg','2022-12-07 22:21:16','SD678009',0,'area_i'),(820,'img/history/IMG_20221208_083833.jpg','2022-12-07 22:21:44','SD678009',0,'area_i'),(821,'img/history/IMG_20221208_083833.jpg','2022-12-07 22:22:54','RW978658',0,'area_i'),(822,'img/history/IMG_20221208_083833.jpg','2022-12-07 22:22:58','RW978658',0,'area_i'),(823,'img/history/IMG_20221208_083833.jpg','2022-12-07 22:23:08','RW978658',0,'area_i'),(824,'img/history/IMG_20221208_083833.jpg','2022-12-07 22:23:18','RW978658',0,'area_i'),(825,'img/history/IMG_20221208_083833.jpg','2022-12-07 22:23:28','RW978658',0,'area_i'),(826,'img/history/IMG_20221208_083847.jpg','2022-12-07 22:23:38','RW978658',0,'area_ii'),(827,'img/history/IMG_20221208_083847.jpg','2022-12-07 22:23:51','RW978658',0,'area_ii'),(828,'img/history/IMG_20221208_083833.jpg','2022-12-07 22:24:55','RT680770',0,'area_i'),(829,'img/history/IMG_20221208_083833.jpg','2022-12-07 22:25:08','RT680770',0,'area_i'),(830,'img/history/IMG_20221208_083833.jpg','2022-12-07 22:25:20','RT680770',0,'area_i'),(831,'img/history/IMG_20221208_083833.jpg','2022-12-07 22:25:36','RT680770',0,'area_i'),(832,'img/history/IMG_20221208_083847.jpg','2022-12-07 22:25:45','RT680770',0,'area_ii'),(833,'img/history/IMG_20221208_083847.jpg','2022-12-07 22:25:56','RT680770',0,'area_ii'),(834,'img/history/IMG_20221208_083833.jpg','2022-12-07 22:27:02','RT5687990',0,'area_i'),(835,'img/history/IMG_20221208_083833.jpg','2022-12-07 22:27:12','RT5687990',0,'area_i'),(836,'img/history/IMG_20221208_083833.jpg','2022-12-07 22:27:22','RT5687990',0,'area_i'),(837,'img/history/IMG_20221208_083847.jpg','2022-12-07 22:27:38','RT5687990',0,'area_i'),(838,'img/history/IMG_20221208_083833.jpg','2022-12-07 22:27:54','RT5687990',0,'area_ii'),(839,'img/history/IMG_20221208_083847.jpg','2022-12-07 22:28:23','RT5687990',0,'area_ii'),(840,'img/history/IMG_20221208_083847.jpg','2022-12-07 22:29:06','RT657809',0,'area_i'),(841,'img/history/IMG_20221208_083833.jpg','2022-12-07 22:29:18','RT657809',0,'area_i'),(842,'img/history/IMG_20221208_083833.jpg','2022-12-07 22:29:35','RT657809',0,'area_i'),(843,'img/history/IMG_20221208_083847.jpg','2022-12-07 22:30:00','RT657809',0,'area_i'),(844,'img/history/IMG_20221208_083847.jpg','2022-12-07 22:30:14','RT657809',0,'area_ii'),(845,'img/history/IMG_20221208_083833.jpg','2022-12-07 22:31:10','RT5676890',0,'area_i'),(846,'img/history/IMG_20221208_083833.jpg','2022-12-07 22:31:18','RT5676890',0,'area_i'),(847,'img/history/IMG_20221208_083833.jpg','2022-12-07 22:31:35','RT5676890',0,'area_i'),(848,'img/history/IMG_20221208_083833.jpg','2022-12-07 22:31:49','RT5676890',0,'area_i'),(849,'img/history/IMG_20221208_083847.jpg','2022-12-07 22:31:58','RT5676890',0,'area_ii'),(850,'img/history/IMG_20221208_083833.jpg','2022-12-07 22:32:45','uy870760',0,'area_i'),(851,'img/history/IMG_20221208_083833.jpg','2022-12-07 22:32:56','uy870760',0,'area_i'),(852,'img/history/IMG_20221208_083833.jpg','2022-12-07 22:33:07','uy870760',0,'area_i'),(853,'img/history/IMG_20221208_083833.jpg','2022-12-07 22:33:21','uy870760',0,'area_i'),(854,'img/history/IMG_20221208_083833.jpg','2022-12-07 22:33:22','uy870760',0,'area_i'),(855,'img/history/IMG_20221208_083847.jpg','2022-12-07 22:33:34','uy870760',0,'area_ii'),(856,'img/history/IMG_20221208_083847.jpg','2022-12-07 22:33:45','uy870760',0,'area_ii'),(857,'img/history/IMG_20221208_083847.jpg','2022-12-07 22:33:47','uy870760',0,'area_ii'),(858,'img/history/IMG_20221208_083847.jpg','2022-12-07 22:33:51','uy870760',0,'area_ii'),(859,'img/history/IMG_20221208_083833.jpg','2022-12-07 22:34:44','UY870706',0,'area_i'),(860,'img/history/IMG_20221208_083833.jpg','2022-12-07 22:34:59','UY870706',0,'area_i'),(861,'img/history/IMG_20221208_083833.jpg','2022-12-07 22:35:09','UY870706',0,'area_i'),(862,'img/history/IMG_20221208_083847.jpg','2022-12-07 22:35:19','UY870706',0,'area_ii'),(863,'img/history/IMG_20221208_083833.jpg','2022-12-07 22:35:54','UY870706',0,'area_i'),(864,'img/history/IMG_20221208_083833.jpg','2022-12-07 22:36:58','UY789007',0,'area_i'),(865,'img/history/IMG_20221208_083833.jpg','2022-12-07 22:37:09','UY789007',0,'area_i'),(866,'img/history/IMG_20221208_083833.jpg','2022-12-07 22:37:20','UY789007',0,'area_i'),(867,'img/history/IMG_20221208_083833.jpg','2022-12-07 22:37:32','UY789007',0,'area_i'),(868,'img/history/IMG_20221208_083847.jpg','2022-12-07 22:37:47','UY789007',0,'area_ii'),(869,'img/history/IMG_20221208_083833.jpg','2022-12-07 23:34:25','UA314901',0,'area_i'),(870,'img/history/IMG_20221208_083833.jpg','2022-12-07 23:34:33','UA314901',0,'area_i'),(871,'img/history/IMG_20221208_083833.jpg','2022-12-07 23:34:46','UA314901',0,'area_i'),(872,'img/history/IMG_20221208_083833.jpg','2022-12-07 23:34:59','UA314901',0,'area_i'),(873,'img/history/IMG_20221208_083847.jpg','2022-12-07 23:35:15','UA314901',0,'area_ii'),(874,'img/history/IMG_20221208_083847.jpg','2022-12-07 23:35:24','UA314901',0,'area_ii'),(875,'img/history/IMG_20221208_083833.jpg','2022-12-07 23:36:26','TY585907',0,'area_i'),(876,'img/history/IMG_20221208_083833.jpg','2022-12-07 23:37:06','TY707870',0,'area_i'),(877,'img/history/IMG_20221208_083833.jpg','2022-12-07 23:37:20','TY707870',0,'area_i'),(878,'img/history/IMG_20221208_083833.jpg','2022-12-07 23:37:31','TY707870',0,'area_i'),(879,'img/history/IMG_20221208_083833.jpg','2022-12-07 23:37:42','TY707870',0,'area_i'),(880,'img/history/IMG_20221208_083833.jpg','2022-12-07 23:37:52','TY707870',0,'area_ii'),(881,'img/history/IMG_20221208_083847.jpg','2022-12-07 23:38:03','TY707870',0,'area_ii'),(882,'img/history/IMG_20221208_083833.jpg','2022-12-07 23:38:45','TW427579',0,'area_i'),(883,'img/history/IMG_20221208_083833.jpg','2022-12-07 23:38:55','TW427579',0,'area_i'),(884,'img/history/IMG_20221208_083833.jpg','2022-12-07 23:39:11','TW427579',0,'area_i'),(885,'img/history/IMG_20221208_083833.jpg','2022-12-07 23:39:21','TW427579',0,'area_i'),(886,'img/history/IMG_20221208_083847.jpg','2022-12-07 23:39:30','TW427579',0,'area_ii'),(887,'img/history/IMG_20221208_083847.jpg','2022-12-07 23:39:45','TW427579',0,'area_ii'),(888,'img/history/IMG_20221208_083847.jpg','2022-12-07 23:40:47','TRT05059',0,'area_i'),(889,'img/history/IMG_20221208_083833.jpg','2022-12-07 23:40:56','TRT05059',0,'area_i'),(890,'img/history/IMG_20221208_083833.jpg','2022-12-07 23:41:06','TRT05059',0,'area_i'),(891,'img/history/IMG_20221208_083833.jpg','2022-12-07 23:41:18','TRT05059',0,'area_i'),(892,'img/history/IMG_20221208_083847.jpg','2022-12-07 23:41:28','TRT05059',0,'area_ii'),(893,'img/history/IMG_20221208_083847.jpg','2022-12-07 23:41:38','TRT05059',0,'area_ii'),(894,'img/history/IMG_20221208_083833.jpg','2022-12-07 23:42:35','TR769805',0,'area_i'),(895,'img/history/IMG_20221208_083833.jpg','2022-12-07 23:42:44','TR769805',0,'area_i'),(896,'img/history/IMG_20221208_083833.jpg','2022-12-07 23:42:55','TR769805',0,'area_i'),(897,'img/history/IMG_20221208_083833.jpg','2022-12-07 23:43:10','TR769805',0,'area_i'),(898,'img/history/IMG_20221208_083847.jpg','2022-12-07 23:46:12','TR769805',0,'area_ii'),(899,'img/history/IMG_20221208_083847.jpg','2022-12-07 23:46:25','TR769805',0,'area_ii'),(900,'img/history/IMG_20221208_083833.jpg','2022-12-07 23:50:21','TR587095',0,'area_i'),(901,'img/history/IMG_20221208_083833.jpg','2022-12-07 23:50:33','TR587095',0,'area_i'),(902,'img/history/IMG_20221208_083833.jpg','2022-12-07 23:50:43','TR587095',0,'area_i'),(903,'img/history/IMG_20221208_083833.jpg','2022-12-08 00:16:17','TR587095',0,'area_i'),(904,'img/history/IMG_20221208_083847.jpg','2022-12-08 00:16:34','TR587095',0,'area_ii'),(905,'img/history/IMG_20221208_083847.jpg','2022-12-08 00:16:44','TR587095',0,'area_ii'),(906,'img/history/IMG_20221208_083833.jpg','2022-12-08 00:17:31','YT787070',0,'area_i'),(907,'img/history/IMG_20221208_083833.jpg','2022-12-08 00:17:40','YT787070',0,'area_i'),(908,'img/history/IMG_20221208_083833.jpg','2022-12-08 00:17:52','YT787070',0,'area_i'),(909,'img/history/IMG_20221208_083833.jpg','2022-12-08 00:18:03','YT787070',0,'area_i'),(910,'img/history/IMG_20221208_083847.jpg','2022-12-08 00:18:12','YT787070',0,'area_ii'),(911,'img/history/IMG_20221208_083847.jpg','2022-12-08 00:18:23','YT787070',0,'area_ii'),(912,'img/history/IMG_20221208_083833.jpg','2022-12-08 00:19:20','YT769800',0,'area_i'),(913,'img/history/IMG_20221208_083833.jpg','2022-12-08 00:19:28','YT769800',0,'area_i'),(914,'img/history/IMG_20221208_083833.jpg','2022-12-08 00:19:38','YT769800',0,'area_i'),(915,'img/history/IMG_20221208_083833.jpg','2022-12-08 00:19:50','YT769800',0,'area_i'),(916,'img/history/IMG_20221208_083847.jpg','2022-12-08 00:20:00','YT769800',0,'area_ii'),(917,'img/history/IMG_20221208_083847.jpg','2022-12-08 00:20:08','YT769800',0,'area_ii'),(918,'img/history/IMG_20221208_083833.jpg','2022-12-08 00:21:00','YT768976',0,'area_i'),(919,'img/history/IMG_20221208_083833.jpg','2022-12-08 00:21:10','YT768976',0,'area_i'),(920,'img/history/IMG_20221208_083833.jpg','2022-12-08 00:21:21','YT768976',0,'area_i'),(921,'img/history/IMG_20221208_083833.jpg','2022-12-08 00:21:35','YT768976',0,'area_i'),(922,'img/history/IMG_20221208_083847.jpg','2022-12-08 00:21:46','YT768976',0,'area_ii'),(923,'img/history/IMG_20221208_083847.jpg','2022-12-08 00:21:56','YT768976',0,'area_ii'),(924,'img/history/IMG_20221208_083833.jpg','2022-12-08 00:22:51','YE769854',0,'area_i'),(925,'img/history/IMG_20221208_083833.jpg','2022-12-08 00:23:00','YE769854',0,'area_i'),(926,'img/history/IMG_20221208_083833.jpg','2022-12-08 00:23:09','YE769854',0,'area_i'),(927,'img/history/IMG_20221208_083833.jpg','2022-12-08 00:23:22','YE769854',0,'area_i'),(928,'img/history/IMG_20221208_083847.jpg','2022-12-08 00:23:36','YE769854',0,'area_ii'),(929,'img/history/IMG_20221208_083847.jpg','2022-12-08 00:23:45','YE769854',0,'area_ii'),(930,'img/history/IMG_20221208_083833.jpg','2022-12-08 00:24:28','XB369600',0,'area_i'),(931,'img/history/IMG_20221208_083833.jpg','2022-12-08 00:24:37','XB369600',0,'area_i'),(932,'img/history/IMG_20221208_083833.jpg','2022-12-08 00:24:46','XB369600',0,'area_i'),(933,'img/history/IMG_20221208_083833.jpg','2022-12-08 00:24:57','XB369600',0,'area_i'),(934,'img/history/IMG_20221208_083847.jpg','2022-12-08 00:25:07','XB369600',0,'area_ii'),(935,'img/history/IMG_20221208_083847.jpg','2022-12-08 00:25:16','XB369600',0,'area_ii'),(936,'img/history/IMG_20221208_083833.jpg','2022-12-08 00:25:58','WW324111',0,'area_i'),(937,'img/history/IMG_20221208_083833.jpg','2022-12-08 00:26:07','WW324111',0,'area_i'),(938,'img/history/IMG_20221208_083833.jpg','2022-12-08 00:26:18','WW324111',0,'area_i'),(939,'img/history/IMG_20221208_083847.jpg','2022-12-08 00:26:28','WW324111',0,'area_i'),(940,'img/history/IMG_20221208_083847.jpg','2022-12-08 00:26:37','WW324111',0,'area_ii'),(941,'img/history/IMG_20221208_083847.jpg','2022-12-08 00:26:46','WW324111',0,'area_ii'),(942,'img/history/IMG_20221208_083847.jpg','2022-12-08 00:28:04','WW123131',0,'area_i'),(943,'img/history/IMG_20221208_083833.jpg','2022-12-08 00:28:13','WW123131',0,'area_i'),(944,'img/history/IMG_20221208_083833.jpg','2022-12-08 00:28:52','WE436587',0,'area_i'),(945,'img/history/IMG_20221208_083833.jpg','2022-12-08 00:29:01','WE436587',0,'area_i'),(946,'img/history/IMG_20221208_083833.jpg','2022-12-08 00:29:11','WE436587',0,'area_i'),(947,'img/history/IMG_20221208_083833.jpg','2022-12-08 00:29:22','WE436587',0,'area_i'),(948,'img/history/IMG_20221208_083847.jpg','2022-12-08 00:29:32','WE436587',0,'area_ii'),(949,'img/history/IMG_20221208_083847.jpg','2022-12-08 00:29:41','WE436587',0,'area_ii'),(950,'img/history/IMG_20221208_083833.jpg','2022-12-08 00:30:26','WE238790',0,'area_i'),(951,'img/history/IMG_20221208_083833.jpg','2022-12-08 00:30:35','WE238790',0,'area_i'),(952,'img/history/IMG_20221208_083833.jpg','2022-12-08 00:30:44','WE238790',0,'area_i'),(953,'img/history/IMG_20221208_083833.jpg','2022-12-08 00:30:54','WE238790',0,'area_i'),(954,'img/history/IMG_20221208_083847.jpg','2022-12-08 00:31:03','WE238790',0,'area_ii'),(955,'img/history/IMG_20221208_083847.jpg','2022-12-08 00:31:12','WE238790',0,'area_ii'),(956,'img/history/IMG_20221208_083833.jpg','2022-12-08 00:32:18','VZ758533',0,'area_i'),(957,'img/history/IMG_20221208_083833.jpg','2022-12-08 00:32:26','VZ758533',0,'area_i'),(958,'img/history/IMG_20221208_083833.jpg','2022-12-08 00:32:36','VZ758533',0,'area_i'),(959,'img/history/IMG_20221208_083833.jpg','2022-12-08 00:32:47','VZ758533',0,'area_i'),(960,'img/history/IMG_20221208_083847.jpg','2022-12-08 00:32:56','VZ758533',0,'area_ii'),(961,'img/history/IMG_20221208_083847.jpg','2022-12-08 00:33:05','VZ758533',0,'area_ii'),(962,'img/history/IMG_20221208_083833.jpg','2022-12-08 00:33:49','YT870908',0,'area_i'),(963,'img/history/IMG_20221208_083833.jpg','2022-12-08 00:33:57','YT870908',0,'area_i'),(964,'img/history/IMG_20221208_083847.jpg','2022-12-08 00:34:11','YT870908',0,'area_ii'),(965,'img/history/IMG_20221208_083833.jpg','2022-12-08 00:34:19','YT870908',0,'area_i'),(966,'img/history/IMG_20221208_083847.jpg','2022-12-08 00:34:34','YT870908',0,'area_i'),(967,'img/history/IMG_20221208_083833.jpg','2022-12-08 00:35:13','YU780946',0,'area_i'),(968,'img/history/IMG_20221208_083833.jpg','2022-12-08 00:35:23','YU780946',0,'area_i'),(969,'img/history/IMG_20221208_083833.jpg','2022-12-08 00:35:32','YU780946',0,'area_i'),(970,'img/history/IMG_20221208_083833.jpg','2022-12-08 00:35:44','YU780946',0,'area_i'),(971,'img/history/IMG_20221208_083847.jpg','2022-12-08 00:35:53','YU780946',0,'area_ii'),(972,'img/history/IMG_20221208_083847.jpg','2022-12-08 00:36:06','YU780946',0,'area_ii'),(973,'img/history/IMG_20221208_083847.jpg','2022-12-08 00:36:15','YU780946',0,'area_ii'),(974,'img/history/IMG_20221208_083833.jpg','2022-12-08 00:37:03','YU787079',0,'area_i'),(975,'img/history/IMG_20221208_083833.jpg','2022-12-08 00:37:12','YU787079',0,'area_i'),(976,'img/history/IMG_20221208_083833.jpg','2022-12-08 00:37:21','YU787079',0,'area_i'),(977,'img/history/IMG_20221208_083833.jpg','2022-12-08 00:37:31','YU787079',0,'area_i'),(978,'img/history/IMG_20221208_083847.jpg','2022-12-08 00:37:40','YU787079',0,'area_ii'),(979,'img/history/IMG_20221208_083847.jpg','2022-12-08 00:37:49','YU787079',0,'area_ii'),(980,'img/history/IMG_20221208_083847.jpg','2022-12-08 00:38:00','YU787079',0,'area_ii'),(981,'img/history/IMG_20221208_083847.jpg','2022-12-08 00:38:11','YU787079',0,'area_ii'),(982,'img/history/IMG_20221208_083847.jpg','2022-12-08 00:38:21','YU787079',0,'area_iii'),(983,'img/history/IMG_20221208_083833.jpg','2022-12-08 00:52:30','XB369600',0,'area_i'),(984,'img/history/IMG_20221208_083833.jpg','2022-12-08 01:04:06','FD769023',0,'area_i'),(985,'img/history/IMG_20221208_083833.jpg','2022-12-08 01:04:15','FD769023',0,'area_i'),(986,'img/history/IMG_20221208_083833.jpg','2022-12-08 01:04:56','RT768909',0,'area_i'),(987,'img/history/IMG_20221208_083833.jpg','2022-12-08 01:11:04','FD658700',0,'area_i'),(988,'img/history/IMG_20221208_083833.jpg','2022-12-08 01:11:13','FD658700',0,'area_i'),(989,'img/history/IMG_20221208_083833.jpg','2022-12-08 01:11:25','FD658700',0,'area_i'),(990,'img/history/IMG_20221208_083833.jpg','2022-12-08 01:12:24','ER467970',0,'area_i'),(991,'img/history/IMG_20221208_083833.jpg','2022-12-08 01:12:33','ER467970',0,'area_i'),(992,'img/history/IMG_20221208_083833.jpg','2022-12-08 01:12:42','ER467970',0,'area_i'),(993,'img/history/IMG_20221208_083833.jpg','2022-12-08 01:14:23','GH0876970',0,'area_i'),(994,'img/history/IMG_20221208_083833.jpg','2022-12-08 01:14:31','GH0876970',0,'area_i'),(995,'img/history/IMG_20221208_083847.jpg','2022-12-08 01:15:49','ER454647',0,'area_i'),(996,'img/history/IMG_20221208_083833.jpg','2022-12-08 01:15:57','ER454647',0,'area_i'),(997,'img/history/IMG_20221208_083833.jpg','2022-12-08 01:16:08','ER454647',0,'area_i'),(998,'img/history/IMG_20221208_083833.jpg','2022-12-08 01:16:19','ER454647',0,'area_i'),(999,'img/history/IMG_20221208_083847.jpg','2022-12-08 01:16:28','ER454647',0,'area_ii'),(1000,'img/history/IMG_20221208_083847.jpg','2022-12-08 01:16:42','ER454647',0,'area_ii'),(1001,'img/history/IMG_20221208_083847.jpg','2022-12-08 01:16:51','ER454647',0,'area_ii'),(1002,'img/history/IMG_20221208_083833.jpg','2022-12-08 01:17:51','RE436590',0,'area_i'),(1003,'img/history/IMG_20221208_083833.jpg','2022-12-08 01:17:59','RE436590',0,'area_i'),(1004,'img/history/IMG_20221208_083833.jpg','2022-12-08 01:18:09','RE436590',0,'area_i'),(1005,'img/history/IMG_20221208_083833.jpg','2022-12-08 01:18:22','RE436590',0,'area_i'),(1006,'img/history/IMG_20221208_083847.jpg','2022-12-08 01:18:31','RE436590',0,'area_ii'),(1007,'img/history/IMG_20221208_083847.jpg','2022-12-08 01:18:43','RE436590',0,'area_ii'),(1008,'img/history/IMG_20221208_083833.jpg','2022-12-08 01:19:22','OI098707',0,'area_i'),(1009,'img/history/IMG_20221208_083833.jpg','2022-12-08 01:19:31','OI098707',0,'area_i'),(1010,'img/history/IMG_20221208_083833.jpg','2022-12-08 01:19:41','OI098707',0,'area_i'),(1011,'img/history/images (19).jpeg','2022-12-08 02:29:59','FG780700',0,'area_ii'),(1012,'img/history/IMG_20221208_083847.jpg','2022-12-08 04:44:25','ET707870',0,'area_ii'),(1013,'img/history/IMG_20221208_083847.jpg','2022-12-08 04:44:35','ET707870',0,'area_ii'),(1014,'img/history/IMG_20221208_083847.jpg','2022-12-08 04:44:50','ET707870',0,'area_ii'),(1015,'img/history/wig strap.jpg','2022-12-08 04:45:04','ET707870',0,'area_iii'),(1016,'img/history/IMG_20221208_174535.jpg','2022-12-08 04:46:44','ET707870',0,'area_iii'),(1017,'img/history/IMG_20221208_174535.jpg','2022-12-08 04:46:57','ET707870',0,'area_iii'),(1018,'img/history/IMG_20221208_174535.jpg','2022-12-08 04:47:09','ET707870',0,'area_iii'),(1019,'img/history/IMG_20221208_174553.jpg','2022-12-08 04:47:18','ET707870',0,'area_iv'),(1020,'img/history/IMG_20221208_174553.jpg','2022-12-08 04:47:28','ET707870',0,'area_iv'),(1021,'img/history/IMG_20221208_174553.jpg','2022-12-08 04:47:37','ET707870',0,'area_iv'),(1022,'img/history/IMG_20221208_174625.jpg','2022-12-08 04:47:47','ET707870',0,'area_iv'),(1023,'img/history/IMG_20221208_083847.jpg','2022-12-08 04:48:34','FD346512',0,'area_ii'),(1024,'img/history/IMG_20221208_083847.jpg','2022-12-08 04:48:46','FD346512',0,'area_ii'),(1025,'img/history/IMG_20221208_083847.jpg','2022-12-08 04:48:59','FD346512',0,'area_ii'),(1026,'img/history/IMG_20221208_174535.jpg','2022-12-08 04:49:12','FD346512',0,'area_iii'),(1027,'img/history/IMG_20221208_174535.jpg','2022-12-08 04:49:27','FD346512',0,'area_iii'),(1028,'img/history/IMG_20221208_174535.jpg','2022-12-08 04:49:36','FD346512',0,'area_iii'),(1029,'img/history/IMG_20221208_174535.jpg','2022-12-08 04:49:48','FD346512',0,'area_iii'),(1030,'img/history/IMG_20221208_174553.jpg','2022-12-08 04:49:57','FD346512',0,'area_iv'),(1031,'img/history/IMG_20221208_174553.jpg','2022-12-08 04:50:06','FD346512',0,'area_iv'),(1032,'img/history/IMG_20221208_174553.jpg','2022-12-08 04:50:16','FD346512',0,'area_iv'),(1033,'img/history/IMG_20221208_174625.jpg','2022-12-08 04:50:27','FD346512',0,'area_iv'),(1034,'img/history/IMG_20221208_174535.jpg','2022-12-08 04:52:04','FG780760',0,'area_ii'),(1035,'img/history/IMG_20221208_083847.jpg','2022-12-08 04:52:17','FG780760',0,'area_ii'),(1036,'img/history/IMG_20221208_174535.jpg','2022-12-08 04:52:34','FG780760',0,'area_iii'),(1037,'img/history/IMG_20221208_174535.jpg','2022-12-08 04:52:44','FG780760',0,'area_iii'),(1038,'img/history/IMG_20221208_174535.jpg','2022-12-08 04:53:00','FG780760',0,'area_iii'),(1039,'img/history/IMG_20221208_174535.jpg','2022-12-08 04:53:16','FG780760',0,'area_iii'),(1040,'img/history/IMG_20221208_174553.jpg','2022-12-08 04:53:31','FG780760',0,'area_iv'),(1041,'img/history/IMG_20221208_174553.jpg','2022-12-08 04:53:42','FG780760',0,'area_iv'),(1042,'img/history/IMG_20221208_174553.jpg','2022-12-08 04:53:51','FG780760',0,'area_iv'),(1043,'img/history/IMG_20221208_174625.jpg','2022-12-08 04:54:01','FG780760',0,'area_iv'),(1044,'img/history/IMG_20221208_083847.jpg','2022-12-08 04:54:58','GF567350',0,'area_ii'),(1045,'img/history/IMG_20221208_174535.jpg','2022-12-08 04:55:08','GF567350',0,'area_iii'),(1046,'img/history/IMG_20221208_174535.jpg','2022-12-08 04:55:17','GF567350',0,'area_iii'),(1047,'img/history/IMG_20221208_174535.jpg','2022-12-08 04:55:27','GF567350',0,'area_iii'),(1048,'img/history/IMG_20221208_174535.jpg','2022-12-08 04:55:37','GF567350',0,'area_iii'),(1049,'img/history/IMG_20221208_174553.jpg','2022-12-08 04:55:46','GF567350',0,'area_iv'),(1050,'img/history/IMG_20221208_174553.jpg','2022-12-08 04:55:59','GF567350',0,'area_iv'),(1051,'img/history/IMG_20221208_174553.jpg','2022-12-08 04:56:54','GF567350',0,'area_iv'),(1052,'img/history/IMG_20221208_174625.jpg','2022-12-08 04:57:04','GF567350',0,'area_iv'),(1053,'img/history/IMG_20221208_083847.jpg','2022-12-08 04:57:46','HG670850',0,'area_ii'),(1054,'img/history/IMG_20221208_083847.jpg','2022-12-08 04:57:55','HG670850',0,'area_ii'),(1055,'img/history/IMG_20221208_083847.jpg','2022-12-08 04:58:07','HG670850',0,'area_ii'),(1056,'img/history/IMG_20221208_174535.jpg','2022-12-08 04:58:18','HG670850',0,'area_iii'),(1057,'img/history/IMG_20221208_174535.jpg','2022-12-08 04:58:29','HG670850',0,'area_iii'),(1058,'img/history/IMG_20221208_174535.jpg','2022-12-08 04:58:42','HG670850',0,'area_iii'),(1059,'img/history/IMG_20221208_174535.jpg','2022-12-08 04:58:59','HG670850',0,'area_iii'),(1060,'img/history/IMG_20221208_174553.jpg','2022-12-08 04:59:10','HG670850',0,'area_iv'),(1061,'img/history/IMG_20221208_174553.jpg','2022-12-08 04:59:19','HG670850',0,'area_iv'),(1062,'img/history/IMG_20221208_174553.jpg','2022-12-08 04:59:28','HG670850',0,'area_iv'),(1063,'img/history/IMG_20221208_174625.jpg','2022-12-08 04:59:38','HG670850',0,'area_iv'),(1064,'img/history/IMG_20221208_083847.jpg','2022-12-08 05:00:21','OR459800',0,'area_ii'),(1065,'img/history/IMG_20221208_083847.jpg','2022-12-08 05:00:31','OR459800',0,'area_ii'),(1066,'img/history/IMG_20221208_174553.jpg','2022-12-08 05:00:40','OR459800',0,'area_iii'),(1067,'img/history/IMG_20221208_174535.jpg','2022-12-08 05:00:51','OR459800',0,'area_iii'),(1068,'img/history/IMG_20221208_174535.jpg','2022-12-08 05:01:00','OR459800',0,'area_iii'),(1069,'img/history/IMG_20221208_174535.jpg','2022-12-08 05:01:11','OR459800',0,'area_iii'),(1070,'img/history/IMG_20221208_174553.jpg','2022-12-08 05:01:20','OR459800',0,'area_iv'),(1071,'img/history/IMG_20221208_174553.jpg','2022-12-08 05:01:30','OR459800',0,'area_iv'),(1072,'img/history/IMG_20221208_174553.jpg','2022-12-08 05:01:45','OR459800',0,'area_iv'),(1073,'img/history/IMG_20221208_174625.jpg','2022-12-08 05:01:56','OR459800',0,'area_iv'),(1074,'img/history/IMG_20221208_083847.jpg','2022-12-08 05:03:13','YE769854',0,'area_ii'),(1075,'img/history/IMG_20221208_083847.jpg','2022-12-08 05:03:26','YE769854',0,'area_ii'),(1076,'img/history/IMG_20221208_174535.jpg','2022-12-08 05:03:36','YE769854',0,'area_iii'),(1077,'img/history/IMG_20221208_174535.jpg','2022-12-08 05:03:45','YE769854',0,'area_iii'),(1078,'img/history/IMG_20221208_174535.jpg','2022-12-08 05:03:57','YE769854',0,'area_iii'),(1079,'img/history/IMG_20221208_174535.jpg','2022-12-08 05:04:08','YE769854',0,'area_iii'),(1080,'img/history/IMG_20221208_174553.jpg','2022-12-08 05:04:21','YE769854',0,'area_iv'),(1081,'img/history/IMG_20221208_174553.jpg','2022-12-08 05:04:31','YE769854',0,'area_iv'),(1082,'img/history/IMG_20221208_174553.jpg','2022-12-08 05:04:41','YE769854',0,'area_iv'),(1083,'img/history/IMG_20221208_174625.jpg','2022-12-08 05:04:52','YE769854',0,'area_iv'),(1084,'img/history/IMG_20221208_174535.jpg','2022-12-08 05:36:27','OR760998',0,'area_ii'),(1085,'img/history/IMG_20221208_083847.jpg','2022-12-08 05:37:19','OR760998',0,'area_ii'),(1086,'img/history/IMG_20221208_174535.jpg','2022-12-08 05:37:34','OR760998',0,'area_iii'),(1087,'img/history/IMG_20221208_174535.jpg','2022-12-08 05:37:48','OR760998',0,'area_iii'),(1088,'img/history/IMG_20221208_174535.jpg','2022-12-08 05:37:58','OR760998',0,'area_iii'),(1089,'img/history/IMG_20221208_174535.jpg','2022-12-08 05:38:09','OR760998',0,'area_iii'),(1090,'img/history/IMG_20221208_174553.jpg','2022-12-08 05:38:19','OR760998',0,'area_iv'),(1091,'img/history/IMG_20221208_174553.jpg','2022-12-08 05:38:31','OR760998',0,'area_iv'),(1092,'img/history/IMG_20221208_174553.jpg','2022-12-08 05:38:44','OR760998',0,'area_iv'),(1093,'img/history/IMG_20221208_174625.jpg','2022-12-08 05:38:58','OR760998',0,'area_iv'),(1094,'img/history/IMG_20221208_174535.jpg','2022-12-08 06:24:28','ER454647',0,'area_ii'),(1095,'img/history/images (13).jpeg','2022-12-08 13:09:24','EE312356',0,'area_ii'),(1096,'img/history/images (13).jpeg','2022-12-08 13:13:48','EE312356',0,'area_ii'),(1097,'img/history/IMG_20221208_083847.jpg','2022-12-08 15:09:45','DK231561',0,'area_ii'),(1098,'img/history/IMG_20221208_174535.jpg','2022-12-08 15:09:57','DK231561',0,'area_ii'),(1099,'img/history/IMG_20221208_083847.jpg','2022-12-08 15:10:09','DK231561',0,'area_ii'),(1100,'img/history/IMG_20221208_083847.jpg','2022-12-08 15:10:21','DK231561',0,'area_ii'),(1101,'img/history/IMG_20221208_174535.jpg','2022-12-08 15:10:37','DK231561',0,'area_iii'),(1102,'img/history/IMG_20221208_174535.jpg','2022-12-08 15:10:51','DK231561',0,'area_iii'),(1103,'img/history/IMG_20221208_083847.jpg','2022-12-08 15:17:10','DS234509',0,'area_ii'),(1104,'img/history/IMG_20221208_174535.jpg','2022-12-08 15:17:28','DS234509',0,'area_ii'),(1105,'img/history/IMG_20221208_083847.jpg','2022-12-08 15:17:44','DS234509',0,'area_ii'),(1106,'img/history/IMG_20221208_174535.jpg','2022-12-08 15:17:59','DS234509',0,'area_iii'),(1107,'img/history/IMG_20221208_174535.jpg','2022-12-08 15:18:11','DS234509',0,'area_iii'),(1108,'img/history/IMG_20221208_083847.jpg','2022-12-08 15:23:21','DS547683',0,'area_ii'),(1109,'img/history/IMG_20221208_174535.jpg','2022-12-08 15:23:35','DS547683',0,'area_ii'),(1110,'img/history/IMG_20221208_174535.jpg','2022-12-08 15:23:36','DS547683',0,'area_ii'),(1111,'img/history/IMG_20221208_174535.jpg','2022-12-08 15:23:55','DS547683',0,'area_ii'),(1112,'img/history/IMG_20221208_174535.jpg','2022-12-08 15:24:11','DS547683',0,'area_iii'),(1113,'img/history/IMG_20221208_174553.jpg','2022-12-08 15:24:22','DS547683',0,'area_iii'),(1114,'img/history/IMG_20221208_174553.jpg','2022-12-08 15:24:32','DS547683',0,'area_iii'),(1115,'img/history/IMG_20221208_174553.jpg','2022-12-08 15:24:43','DS547683',0,'area_iii'),(1116,'img/history/IMG_20221208_174535.jpg','2022-12-08 15:25:29','EE312356',0,'area_ii'),(1117,'img/history/IMG_20221208_083847.jpg','2022-12-08 15:25:46','EE312356',0,'area_ii'),(1118,'img/history/IMG_20221208_174535.jpg','2022-12-08 15:26:09','EE312356',0,'area_iii'),(1119,'img/history/IMG_20221208_083847.jpg','2022-12-08 15:26:22','EE312356',0,'area_ii'),(1120,'img/history/IMG_20221208_083847.jpg','2022-12-08 15:27:16','EQ537507',0,'area_ii'),(1121,'img/history/IMG_20221208_083847.jpg','2022-12-08 15:27:27','EQ537507',0,'area_ii'),(1122,'img/history/IMG_20221208_083847.jpg','2022-12-08 15:27:38','EQ537507',0,'area_ii'),(1123,'img/history/IMG_20221208_083847.jpg','2022-12-08 15:27:49','EQ537507',0,'area_ii'),(1124,'img/history/IMG_20221208_174553.jpg','2022-12-08 15:28:00','EQ537507',0,'area_iii'),(1125,'img/history/IMG_20221208_174553.jpg','2022-12-08 15:28:49','ER454647',0,'area_iii'),(1126,'img/history/IMG_20221208_174553.jpg','2022-12-08 15:28:59','ER454647',0,'area_iii'),(1127,'img/history/IMG_20221208_083847.jpg','2022-12-08 15:29:51','ER467970',0,'area_i'),(1128,'img/history/IMG_20221208_083847.jpg','2022-12-08 15:30:01','ER467970',0,'area_ii'),(1129,'img/history/IMG_20221208_083847.jpg','2022-12-08 15:30:11','ER467970',0,'area_ii'),(1130,'img/history/IMG_20221208_083847.jpg','2022-12-08 15:30:50','ER679809',0,'area_ii'),(1131,'img/history/IMG_20221208_083847.jpg','2022-12-08 15:31:02','ER679809',0,'area_ii'),(1132,'img/history/IMG_20221208_083847.jpg','2022-12-08 15:31:19','ER679809',0,'area_ii'),(1133,'img/history/IMG_20221208_083847.jpg','2022-12-08 15:31:35','ER679809',0,'area_iii'),(1134,'img/history/IMG_20221208_083847.jpg','2022-12-08 15:32:21','EW233320',0,'area_ii'),(1135,'img/history/IMG_20221208_083847.jpg','2022-12-08 15:32:30','EW233320',0,'area_ii'),(1136,'img/history/IMG_20221208_083847.jpg','2022-12-08 15:32:42','EW233320',0,'area_ii'),(1137,'img/history/IMG_20221208_174553.jpg','2022-12-08 15:33:31','EW328709',0,'area_ii'),(1138,'img/history/IMG_20221208_174553.jpg','2022-12-08 15:33:41','EW328709',0,'area_ii'),(1139,'img/history/IMG_20221208_174535.jpg','2022-12-08 15:34:26','FD542570',0,'area_ii'),(1140,'img/history/IMG_20221208_174553.jpg','2022-12-08 15:34:37','FD542570',0,'area_ii'),(1141,'img/history/IMG_20221208_083847.jpg','2022-12-08 15:35:16','FD547632',0,'area_ii'),(1142,'img/history/IMG_20221208_083847.jpg','2022-12-08 15:35:27','FD547632',0,'area_ii'),(1143,'img/history/IMG_20221208_083833.jpg','2022-12-08 15:36:19','FD658700',0,'area_i'),(1144,'img/history/IMG_20221208_083847.jpg','2022-12-08 15:36:34','FD658700',0,'area_ii'),(1145,'img/history/IMG_20221208_083847.jpg','2022-12-08 15:36:50','FD658700',0,'area_ii'),(1146,'img/history/IMG_20221208_083847.jpg','2022-12-08 15:37:28','FD769023',0,'area_i'),(1147,'img/history/IMG_20221208_083833.jpg','2022-12-08 15:37:41','FD769023',0,'area_i'),(1148,'img/history/IMG_20221208_083847.jpg','2022-12-08 15:37:51','FD769023',0,'area_ii'),(1149,'img/history/IMG_20221208_083847.jpg','2022-12-08 15:38:28','FF34D5S',0,'area_ii'),(1150,'img/history/IMG_20221208_083847.jpg','2022-12-08 15:38:39','FF34D5S',0,'area_ii'),(1151,'img/history/IMG_20221208_174535.jpg','2022-12-08 15:39:22','FF34DSS',0,'area_ii'),(1152,'img/history/IMG_20221208_174535.jpg','2022-12-08 15:39:34','FF34DSS',0,'area_ii'),(1153,'img/history/IMG_20221208_083847.jpg','2022-12-08 15:40:20','FG900760',0,'area_ii'),(1154,'img/history/IMG_20221208_083847.jpg','2022-12-08 15:40:31','FG900760',0,'area_ii'),(1155,'img/history/IMG_20221208_083847.jpg','2022-12-08 15:40:44','FG900760',0,'area_ii'),(1156,'img/history/IMG_20221208_083847.jpg','2022-12-08 15:41:24','FS427506',0,'area_ii'),(1157,'img/history/IMG_20221208_083847.jpg','2022-12-08 15:41:38','FS427506',0,'area_ii'),(1158,'img/history/IMG_20221208_083847.jpg','2022-12-08 15:42:15','GD676073',0,'area_ii'),(1159,'img/history/IMG_20221208_083847.jpg','2022-12-08 15:42:28','GD676073',0,'area_ii'),(1160,'img/history/IMG_20221208_083833.jpg','2022-12-08 15:43:51','GF890660',0,'area_i'),(1161,'img/history/IMG_20221208_083833.jpg','2022-12-08 15:44:04','GF890660',0,'area_i'),(1162,'img/history/IMG_20221208_083847.jpg','2022-12-08 15:44:52','GW426488',0,'area_ii'),(1163,'img/history/IMG_20221208_083847.jpg','2022-12-08 15:45:03','GW426488',0,'area_ii'),(1164,'img/history/IMG_20221208_083847.jpg','2022-12-08 15:45:44','HT658709',0,'area_ii'),(1165,'img/history/IMG_20221208_083847.jpg','2022-12-08 15:45:57','HT658709',0,'area_ii'),(1166,'img/history/IMG_20221208_174553.jpg','2022-12-08 15:46:37','HT76885',0,'area_iii'),(1167,'img/history/IMG_20221208_174535.jpg','2022-12-08 15:47:25','II876533',0,'area_ii'),(1168,'img/history/IMG_20221208_083847.jpg','2022-12-08 15:48:03','IT790522',0,'area_ii'),(1169,'img/history/IMG_20221208_083847.jpg','2022-12-08 15:48:14','IT790522',0,'area_ii'),(1170,'img/history/IMG_20221208_083847.jpg','2022-12-08 15:49:24','IU097680',0,'area_ii'),(1171,'img/history/IMG_20221208_083847.jpg','2022-12-08 15:50:00','JA392841',0,'area_ii'),(1172,'img/history/IMG_20221208_083847.jpg','2022-12-08 15:50:13','JA392841',0,'area_ii'),(1173,'img/history/IMG_20221208_083847.jpg','2022-12-08 15:51:03','OI098707',0,'area_i'),(1174,'img/history/IMG_20221208_174535.jpg','2022-12-08 15:51:13','OI098707',0,'area_ii'),(1175,'img/history/IMG_20221208_083847.jpg','2022-12-08 15:52:03','OR567839',0,'area_ii'),(1176,'img/history/IMG_20221208_083847.jpg','2022-12-08 15:52:14','OR567839',0,'area_ii'),(1177,'img/history/IMG_20221208_083847.jpg','2022-12-08 15:52:25','OR567839',0,'area_ii'),(1178,'img/history/IMG_20221208_083847.jpg','2022-12-08 15:53:05','OR654311',0,'area_ii'),(1179,'img/history/IMG_20221208_083847.jpg','2022-12-08 15:53:16','OR654311',0,'area_ii'),(1180,'img/history/IMG_20221208_174535.jpg','2022-12-08 15:53:57','OR658743',0,'area_ii'),(1181,'img/history/IMG_20221208_174535.jpg','2022-12-08 15:54:07','OR658743',0,'area_ii'),(1182,'img/history/IMG_20221208_083847.jpg','2022-12-08 15:54:48','QQ123134',0,'area_ii'),(1183,'img/history/IMG_20221208_083847.jpg','2022-12-08 15:55:02','QQ123134',0,'area_ii'),(1184,'img/history/IMG_20221208_083847.jpg','2022-12-08 15:55:40','RE436590',0,'area_ii'),(1185,'img/history/IMG_20221208_083847.jpg','2022-12-08 15:55:51','RE436590',0,'area_ii'),(1186,'img/history/IMG_20221208_083847.jpg','2022-12-08 15:56:28','RE439807',0,'area_ii'),(1187,'img/history/IMG_20221208_174612.jpg','2022-12-08 15:56:37','RE439807',0,'area_ii'),(1188,'img/history/IMG_20221208_083847.jpg','2022-12-08 15:57:29','RT5676890',0,'area_ii'),(1189,'img/history/IMG_20221208_083847.jpg','2022-12-08 15:57:38','RT5676890',0,'area_ii'),(1190,'img/history/IMG_20221208_174535.jpg','2022-12-08 15:58:21','RT5687990',0,'area_ii'),(1191,'img/history/IMG_20221208_083847.jpg','2022-12-08 15:58:36','RT5687990',0,'area_ii'),(1192,'img/history/IMG_20221208_083847.jpg','2022-12-08 15:59:16','RT657809',0,'area_ii'),(1193,'img/history/IMG_20221208_083847.jpg','2022-12-08 15:59:26','RT657809',0,'area_ii'),(1194,'img/history/IMG_20221208_083847.jpg','2022-12-08 16:00:14','RT680770',0,'area_ii'),(1195,'img/history/IMG_20221208_083847.jpg','2022-12-08 16:00:36','RT680770',0,'area_ii'),(1196,'img/history/IMG_20221208_174535.jpg','2022-12-08 16:01:19','RW978658',0,'area_ii'),(1197,'img/history/IMG_20221208_174612.jpg','2022-12-08 16:01:43','RW978658',0,'area_ii'),(1198,'img/history/IMG_20221208_083847.jpg','2022-12-08 16:02:22','TR587095',0,'area_ii'),(1199,'img/history/IMG_20221208_083847.jpg','2022-12-08 16:02:38','TR587095',0,'area_ii'),(1200,'img/history/IMG_20221208_174535.jpg','2022-12-08 16:03:30','TR769805',0,'area_ii'),(1201,'img/history/IMG_20221208_174535.jpg','2022-12-08 16:03:42','TR769805',0,'area_ii'),(1202,'img/history/IMG_20221208_174612.jpg','2022-12-08 16:04:21','TRT05059',0,'area_ii'),(1203,'img/history/IMG_20221208_174535.jpg','2022-12-08 16:05:00','TRT05059',0,'area_ii'),(1204,'img/history/IMG_20221208_083847.jpg','2022-12-08 16:05:44','TW427579',0,'area_ii'),(1205,'img/history/IMG_20221208_174535.jpg','2022-12-08 16:06:30','TY585907',0,'area_ii'),(1206,'img/history/IMG_20221208_174535.jpg','2022-12-08 16:06:41','TY585907',0,'area_ii'),(1207,'img/history/IMG_20221208_083847.jpg','2022-12-08 16:07:17','TY707870',0,'area_ii'),(1208,'img/history/IMG_20221208_083847.jpg','2022-12-08 16:07:28','TY707870',0,'area_ii'),(1209,'img/history/IMG_20221208_083847.jpg','2022-12-08 16:08:07','UA314901',0,'area_i'),(1210,'img/history/IMG_20221208_174535.jpg','2022-12-08 16:08:22','UA314901',0,'area_ii'),(1211,'img/history/IMG_20221208_083847.jpg','2022-12-08 16:08:37','UA314901',0,'area_i'),(1212,'img/history/IMG_20221208_174535.jpg','2022-12-08 16:09:17','UY789007',0,'area_ii'),(1213,'img/history/IMG_20221208_083847.jpg','2022-12-08 16:09:26','UY789007',0,'area_ii'),(1214,'img/history/IMG_20221208_174535.jpg','2022-12-08 16:10:06','UY870706',0,'area_ii'),(1215,'img/history/IMG_20221208_174535.jpg','2022-12-08 16:10:15','UY870706',0,'area_ii'),(1216,'img/history/IMG_20221208_174535.jpg','2022-12-08 16:10:57','uy870760',0,'area_ii'),(1217,'img/history/IMG_20221208_174535.jpg','2022-12-08 16:11:08','uy870760',0,'area_ii'),(1218,'img/history/IMG_20221208_083847.jpg','2022-12-08 16:11:48','VZ758533',0,'area_ii'),(1219,'img/history/IMG_20221208_174535.jpg','2022-12-08 16:12:29','WE436587',0,'area_ii'),(1220,'img/history/IMG_20221208_174535.jpg','2022-12-08 16:13:08','WW123131',0,'area_ii'),(1221,'img/history/IMG_20221208_174612.jpg','2022-12-08 16:13:17','WW123131',0,'area_ii'),(1222,'img/history/IMG_20221208_174535.jpg','2022-12-08 16:14:01','WW324111',0,'area_ii'),(1223,'img/history/IMG_20221208_174535.jpg','2022-12-08 16:14:44','XB369600',0,'area_ii'),(1224,'img/history/download.jpg','2022-12-08 16:30:44','XB369600',0,'area_ii'),(1225,'img/history/wig-terms.jpg','2022-12-08 16:33:16','YT768976',0,'area_ii'),(1226,'img/history/images.jpg','2022-12-08 16:33:36','YT768976',0,'area_ii'),(1227,'img/history/images.jpg','2022-12-08 16:34:32','YT769800',0,'area_ii'),(1228,'img/history/images.jpg','2022-12-08 16:34:45','YT769800',0,'area_ii'),(1229,'img/history/image-asset.jpeg','2022-12-08 16:35:46','YT787070',0,'area_i'),(1230,'img/history/images.jpg','2022-12-08 16:36:04','YT787070',0,'area_i'),(1231,'img/history/images.jpg','2022-12-08 16:36:22','YT787070',0,'area_ii'),(1232,'img/history/images.jpg','2022-12-08 16:36:39','YT787070',0,'area_ii'),(1233,'img/history/image-asset.jpeg','2022-12-08 16:38:04','YT870908',0,'area_ii'),(1234,'img/history/image-asset.jpeg','2022-12-08 16:38:17','YT870908',0,'area_ii'),(1235,'img/history/image-asset.jpeg','2022-12-08 16:38:35','YT870908',0,'area_ii'),(1236,'img/history/image-asset.jpeg','2022-12-08 16:39:27','YU780946',0,'area_ii'),(1237,'img/history/wig-terms.jpg','2022-12-08 16:40:29','YU787079',0,'area_iii'),(1238,'img/history/IMG_20221208_174535.jpg','2022-12-08 17:08:55','EW233320',0,'area_iii'),(1239,'img/history/IMG_20221208_174535.jpg','2022-12-08 17:09:05','EW233320',0,'area_iii'),(1240,'img/history/IMG_20221208_174535.jpg','2022-12-08 17:09:18','EW233320',0,'area_iii'),(1241,'img/history/IMG_20221208_174535.jpg','2022-12-08 17:09:36','EW233320',0,'area_iii'),(1242,'img/history/IMG_20221208_083847.jpg','2022-12-08 17:10:02','EW233320',0,'area_iv'),(1243,'img/history/IMG_20221208_174553.jpg','2022-12-08 17:10:19','EW233320',0,'area_iv'),(1244,'img/history/IMG_20221208_174553.jpg','2022-12-08 17:10:29','EW233320',0,'area_iv'),(1245,'img/history/IMG_20221208_174625.jpg','2022-12-08 17:10:42','EW233320',0,'area_iv');
/*!40000 ALTER TABLE `task_progress_history` ENABLE KEYS */;
UNLOCK TABLES;

--
-- Table structure for table `tasks`
--

DROP TABLE IF EXISTS `tasks`;
/*!40101 SET @saved_cs_client     = @@character_set_client */;
/*!50503 SET character_set_client = utf8mb4 */;
CREATE TABLE `tasks` (
  `order_no` varchar(100) NOT NULL,
  `process` varchar(45) DEFAULT NULL,
  `user_id` int DEFAULT NULL,
  `wig_model` varchar(100) NOT NULL,
  `wig_size` varchar(45) NOT NULL,
  `status` varchar(45) NOT NULL,
  `date_created` datetime NOT NULL DEFAULT CURRENT_TIMESTAMP,
  `date_updated` timestamp NOT NULL DEFAULT CURRENT_TIMESTAMP ON UPDATE CURRENT_TIMESTAMP,
  `description` varchar(255) NOT NULL,
  `start_date` datetime DEFAULT NULL,
  `end_date` datetime DEFAULT NULL,
  `batch` varchar(45) NOT NULL,
  `no_of_days` int DEFAULT NULL,
  `wig_id` int DEFAULT NULL,
  `remarks` varchar(255) DEFAULT NULL,
  PRIMARY KEY (`order_no`),
  UNIQUE KEY `order_no_UNIQUE` (`order_no`),
  KEY `wig_id_idx` (`wig_model`),
  KEY `user_id_idx` (`user_id`)
) ENGINE=InnoDB DEFAULT CHARSET=utf8mb3;
/*!40101 SET character_set_client = @saved_cs_client */;

--
-- Dumping data for table `tasks`
--

LOCK TABLES `tasks` WRITE;
/*!40000 ALTER TABLE `tasks` DISABLE KEYS */;
INSERT INTO `tasks` VALUES ('BG090750','18.75',79,'mdl1','sz2','tstts6','2022-12-07 08:04:47','2022-12-08 07:36:28','LONG HAIR','2022-12-07 21:22:00','2022-12-13 21:22:00','25',7,158,'Severly Damage'),('BT760890','18.75',82,'mdl3','sz2','tstts6','2022-12-07 08:09:21','2022-12-08 07:35:53','SHORT HAIR','2022-12-07 21:23:00','2022-12-13 21:23:00','26',7,166,'Severly Damage'),('CE547688','25',86,'mdl2','sz3','tstts6','2022-12-07 08:13:53','2022-12-08 07:37:53','SHORT HAIR','2022-12-07 21:23:00','2022-12-13 21:23:00','26',7,174,'Severly Damage'),('CX548909','0',80,'mdl2','sz2','tstts5','2022-12-07 08:03:42','2022-12-08 07:42:15','LONG HAIR','2022-12-05 21:24:00','2022-12-06 21:24:00','24',7,156,NULL),('DF457870','18.75',28,'mdl3','sz2','tstts5','2022-12-07 01:55:58','2023-01-15 02:07:24','LONG HAIR','2022-12-07 14:59:00','2022-12-13 14:59:00','27',7,123,'Severly Damage'),('DK231561','62.5',29,'mdl1','sz4','tstts5','2022-12-07 01:49:31','2022-12-25 01:21:16','SHORT HAIR','2022-12-07 15:00:00','2022-12-13 15:00:00','23',7,110,NULL),('DS234509','62.5',75,'mdl5','sz2','tstts5','2022-12-07 06:43:34','2023-01-15 02:07:24','LONG HAIR','2022-12-07 19:45:00','2022-12-13 19:45:00','25',7,152,NULL),('DS547683','75',92,'mdl4','sz2','tstts5','2022-12-07 08:14:29','2023-01-15 02:07:24','SHORT HAIR','2022-12-07 21:25:00','2022-12-13 21:25:00','26',7,175,NULL),('EE312356','56.25',22,'mdl4','sz2','tstts5','2022-12-07 01:32:01','2023-01-15 02:07:24','LONG HAIR','2022-12-07 14:33:00','2022-12-13 14:33:00','25',7,103,NULL),('EQ537507','56.25',87,'mdl2','sz3','tstts5','2022-12-07 08:10:26','2022-12-25 01:21:16','SHORT HAIR','2022-12-07 21:30:00','2022-12-13 21:30:00','26',7,168,NULL),('ER454647','62.5',67,'mdl2','sz2','tstts5','2022-12-07 03:20:43','2022-12-25 01:21:16','LONG HAIR','2022-12-08 19:32:00','2022-12-13 19:32:00','24',6,142,NULL),('ER467970','37.5',57,'mdl2','sz2','tstts5','2022-12-07 03:12:09','2022-12-25 01:21:16','LONG HAIR','2022-12-07 16:14:00','2022-12-13 16:14:00','26',7,135,NULL),('ER679809','56.25',68,'mdl3','sz1','tstts5','2022-12-07 03:22:58','2022-12-25 01:21:16','LONG HAIR','2022-12-08 19:33:00','2022-12-13 19:33:00','23',6,145,NULL),('ET707870','100',58,'mdl3','sz1','tstts8','2022-12-07 03:13:02','2022-12-08 10:07:09','LONG HAIR','2022-12-07 16:14:00','2022-12-09 16:14:00','28',7,137,NULL),('EW233320','100',30,'mdl3','sz3','tstts7','2022-12-07 01:48:50','2022-12-08 22:12:11','SHORT HAIR','2022-12-07 15:00:00','2022-12-09 06:07:48','23',7,108,NULL),('EW328709','43.75',31,'mdl2','sz2','tstts5','2022-12-07 01:52:16','2022-12-25 01:21:16','SHORT HAIR','2022-12-07 15:01:00','2022-12-13 15:01:00','25',7,116,NULL),('EW547699','0',81,'mdl5','sz3','tstts5','2022-12-07 08:13:17','2022-12-25 01:21:16','SHORT HAIR','2022-12-07 21:25:00','2022-12-13 21:25:00','26',7,173,NULL),('FD346512','100',32,'mdl2','sz4','tstts8','2022-12-07 01:58:39','2022-12-08 10:08:41','LONG HAIR','2022-12-07 15:01:00','2022-12-09 15:01:00','28',7,130,NULL),('FD542570','37.5',76,'mdl3','sz1','tstts5','2022-12-07 06:42:45','2022-12-25 01:21:16','LONG HAIR','2022-12-07 19:45:00','2022-12-13 19:45:00','23',7,150,NULL),('FD547632','43.75',77,'mdl4','sz2','tstts5','2022-12-07 06:44:07','2022-12-25 01:21:16','LONG HAIR','2022-12-07 19:46:00','2022-12-13 19:46:00','26',7,153,NULL),('FD658700','37.5',89,'mdl4','sz3','tstts5','2022-12-07 08:12:13','2022-12-25 01:21:16','SHORT HAIR','2022-12-07 21:31:00','2022-12-13 21:31:00','26',7,171,NULL),('FD769023','31.25',78,'mdl3','sz2','tstts5','2022-12-07 06:43:13','2022-12-25 01:21:16','LONG HAIR','2022-12-07 19:46:00','2022-12-13 19:46:00','23',7,151,NULL),('FF34D5S','37.5',91,'mdl3','sz2','tstts5','2022-12-07 08:16:18','2022-12-25 01:21:16','SHORT HAIR','2022-12-07 21:32:00','2022-12-13 21:32:00','27',7,178,NULL),('FF34DSS','50',90,'mdl2','sz3','tstts5','2022-12-07 08:18:07','2022-12-25 01:21:16','SHORT HAIR','2022-12-07 21:31:00','2022-12-13 21:31:00','27',7,180,NULL),('FG780700','31.25',33,'mdl4','sz2','tstts6','2022-12-07 01:58:11','2022-12-08 10:42:22','LONG HAIR','2022-12-07 15:02:00','2022-12-09 15:02:00','28',7,129,'Severly Damage'),('FG780760','100',34,'mdl2','sz4','tstts8','2022-12-07 01:57:41','2022-12-08 10:10:21','LONG HAIR','2022-12-07 15:02:00','2022-12-09 15:02:00','28',7,127,NULL),('FG900760','50',35,'mdl1','sz3','tstts5','2022-12-07 01:55:28','2022-12-25 01:21:16','SHORT HAIR','2022-12-07 15:03:00','2022-12-13 15:03:00','26',7,122,NULL),('FS427506','50',93,'mdl3','sz1','tstts5','2022-12-07 08:09:49','2022-12-25 01:21:16','SHORT HAIR','2022-12-07 21:49:00','2022-12-13 21:49:00','26',7,167,NULL),('GD676073','43.75',97,'mdl3','sz3','tstts5','2022-12-07 08:07:11','2022-12-25 01:21:16','LONG HAIR','2022-12-07 21:52:00','2022-12-13 21:52:00','25',7,162,NULL),('GF567350','100',36,'mdl3','sz4','tstts8','2022-12-07 01:59:07','2022-12-08 10:11:37','LONG HAIR','2022-12-07 15:03:00','2022-12-09 15:03:00','28',7,131,NULL),('GF890660','12.5',37,'mdl3','sz1','tstts5','2022-12-07 01:56:53','2022-12-25 01:21:16','LONG HAIR','2022-12-07 15:03:00','2022-12-13 15:03:00','27',7,125,NULL),('GH0876970','12.5',69,'mdl1','sz1','tstts5','2022-12-07 03:22:01','2022-12-08 07:45:53','LONG HAIR','2022-12-07 19:34:00','2022-12-07 19:34:00','23',7,143,NULL),('GW426488','50',99,'mdl3','sz4','tstts5','2022-12-07 08:08:53','2022-12-25 01:21:17','SHORT HAIR','2022-12-07 21:53:00','2022-12-13 21:53:00','26',7,165,NULL),('HG670850','100',38,'mdl1','sz2','tstts8','2022-12-07 01:57:17','2022-12-08 10:13:12','LONG HAIR','2022-12-07 15:04:00','2022-12-09 15:04:00','28',7,126,NULL),('HT658709','50',96,'mdl3','sz3','tstts6','2022-12-07 08:03:16','2023-01-15 06:37:57','LONG HAIR','2022-12-07 21:50:00','2022-12-13 21:51:00','24',7,155,'Good'),('HT76885','56.25',101,'mdl2','sz1','tstts5','2022-12-07 08:15:43','2022-12-25 01:21:17','SHORT HAIR','2022-12-07 22:16:00','2022-12-13 22:16:00','26',7,177,NULL),('II876533','50',100,'mdl4','sz3','tstts5','2022-12-07 08:11:38','2022-12-25 01:21:17','SHORT HAIR','2022-12-07 22:15:00','2022-12-13 22:15:00','26',7,170,NULL),('IT790522','50',102,'mdl1','sz2','tstts5','2022-12-07 08:06:41','2022-12-25 01:21:17','LONG HAIR','2022-12-07 22:17:00','2022-12-13 22:17:00','25',7,161,NULL),('IU097680','50',39,'mdl3','sz3','tstts5','2022-12-07 01:54:10','2022-12-25 01:21:17','SHORT HAIR','2022-12-07 15:04:00','2022-12-13 15:04:00','25',7,119,NULL),('JA392841','50',40,'mdl1','sz3','tstts5','2022-12-07 01:48:23','2022-12-25 01:21:17','SHORT HAIR','2022-12-07 15:05:00','2022-12-13 15:05:00','23',7,107,NULL),('OI098707','31.25',98,'mdl3','sz3','tstts5','2022-12-07 08:05:34','2022-12-25 01:21:17','LONG HAIR','2022-12-07 21:53:00','2022-12-13 21:53:00','25',7,159,NULL),('OR43151','0',103,'mdl4','sz3','tstts4','2022-12-07 08:18:44','2022-12-08 20:50:50','SHORT HAIR','2022-12-07 22:17:00','2022-12-13 22:17:00','27',7,181,NULL),('OR459800','100',94,'mdl2','sz2','tstts8','2022-12-07 08:20:50','2022-12-08 10:14:43','SHORT HAIR','2022-12-07 21:50:00','2022-12-09 21:50:00','28',7,184,NULL),('OR567839','50',41,'mdl3','sz3','tstts5','2022-12-07 01:50:39','2022-12-25 01:21:17','SHORT HAIR','2022-12-07 15:05:00','2022-12-13 15:05:00','24',7,112,NULL),('OR654311','50',105,'mdl2','sz1','tstts5','2022-12-07 08:20:08','2022-12-25 01:21:17','SHORT HAIR','2022-12-07 22:18:00','2022-12-13 22:18:00','27',7,183,NULL),('OR658743','43.75',104,'mdl5','sz3','tstts5','2022-12-07 08:19:20','2022-12-25 01:21:17','SHORT HAIR','2022-12-07 22:18:00','2022-12-13 22:19:00','27',7,182,NULL),('OR760998','100',95,'mdl1','sz4','tstts8','2022-12-07 08:21:24','2022-12-08 10:40:31','SHORT HAIR','2022-12-07 21:51:00','2022-12-09 18:34:35','28',7,185,NULL),('QQ123134','50',23,'mdl2','sz2','tstts5','2022-12-07 01:30:51','2022-12-25 01:21:17','LONG HAIR','2022-12-07 14:34:00','2022-12-13 14:34:00','23',7,101,NULL),('RE436590','50',42,'mdl2','sz3','tstts5','2022-12-07 01:53:40','2022-12-25 01:21:17','SHORT HAIR','2022-12-07 15:05:00','2022-12-13 15:05:00','25',7,118,NULL),('RE439807','43.75',47,'mdl4','sz3','tstts5','2022-12-07 01:51:49','2022-12-25 01:21:17','SHORT HAIR','2022-12-07 15:06:00','2022-12-13 15:06:00','25',7,115,NULL),('RE456790','0',48,'mdl2','sz3','tstts5','2022-12-07 01:55:04','2022-12-25 01:21:17','SHORT HAIR','2022-12-07 15:06:00','2022-12-13 15:06:00','26',7,121,NULL),('RR245657','0',49,'mdl3','sz3','tstts5','2022-12-07 01:50:17','2022-12-25 01:21:17','SHORT HAIR','2022-12-07 15:07:00','2022-12-13 15:07:00','24',7,111,NULL),('RT5676890','43.75',50,'mdl3','sz1','tstts5','2022-12-07 01:54:36','2022-12-25 01:21:17','SHORT HAIR','2022-12-07 15:07:00','2022-12-13 15:07:00','26',7,120,NULL),('RT5687990','50',70,'mdl2','sz2','tstts5','2022-12-07 03:24:47','2022-12-25 01:21:17','LONG HAIR','2022-12-07 19:34:00','2022-12-13 19:34:00','23',7,149,NULL),('RT657809','43.75',71,'mdl2','sz2','tstts5','2022-12-07 03:24:19','2022-12-25 01:21:17','LONG HAIR','2022-12-07 19:35:00','2022-12-13 19:35:00','23',7,148,NULL),('RT680770','50',83,'mdl1','sz3','tstts5','2022-12-07 08:07:47','2022-12-25 01:21:17','SHORT HAIR','2022-12-07 21:26:00','2022-12-13 21:26:00','25',7,163,NULL),('RT768909','6.25',72,'mdl4','sz2','tstts5','2022-12-07 03:23:25','2022-12-08 06:06:15','LONG HAIR','2022-12-07 19:36:00','2022-12-07 23:36:00','23',1,146,NULL),('RW978658','50',24,'mdl4','sz2','tstts5','2022-12-07 01:32:30','2022-12-25 01:21:17','LONG HAIR','2022-12-07 14:35:00','2022-12-13 14:35:00','26',7,104,NULL),('SD678009','25',73,'mdl1','sz3','tstts5','2022-12-07 03:22:29','2022-12-08 16:25:39','LONG HAIR','2022-12-07 19:37:00','2022-12-08 19:38:00','26',2,144,NULL),('TR547698','0',51,'mdl3','sz2','tstts5','2022-12-07 01:51:02','2022-12-25 01:21:17','SHORT HAIR','2022-12-07 15:07:00','2022-12-13 15:07:00','24',7,113,NULL),('TR587095','50',61,'mdl3','sz3','tstts5','2022-12-07 03:11:29','2022-12-25 01:21:17','LONG HAIR','2022-12-07 16:15:00','2022-12-13 16:15:00','24',7,133,NULL),('TR769805','50',53,'mdl5','sz1','tstts5','2022-12-07 01:52:45','2022-12-25 01:21:17','SHORT HAIR','2022-12-07 15:08:00','2022-12-13 15:08:00','25',7,117,NULL),('TRT05059','50',59,'mdl3','sz2','tstts5','2022-12-07 03:12:36','2022-12-25 01:21:17','LONG HAIR','2022-12-07 16:15:00','2022-12-13 16:15:00','27',7,136,NULL),('TW427579','43.75',25,'mdl4','sz2','tstts5','2022-12-07 01:32:57','2022-12-25 01:21:17','LONG HAIR','2022-12-07 14:35:00','2022-12-13 14:35:00','27',7,105,NULL),('TY585907','25',65,'mdl1','sz4','tstts5','2022-12-07 03:18:16','2022-12-25 01:21:17','LONG HAIR','2022-12-07 16:18:00','2022-12-13 16:18:00','24',7,141,NULL),('TY707870','50',62,'mdl3','sz3','tstts5','2022-12-07 03:13:27','2022-12-25 01:21:17','LONG HAIR','2022-12-07 16:16:00','2022-12-13 16:16:00','23',7,138,NULL),('UA314901','43.75',54,'mdl4','sz2','tstts5','2022-12-07 01:49:09','2022-12-25 01:21:17','SHORT HAIR','2022-12-07 15:08:00','2022-12-13 15:08:00','23',7,109,NULL),('UY789007','43.75',60,'mdl1','sz2','tstts5','2022-12-07 03:11:50','2022-12-25 01:21:17','LONG HAIR','2022-12-07 16:15:00','2022-12-13 16:16:00','25',7,134,NULL),('UY870706','43.75',107,'mdl3','sz4','tstts5','2022-12-07 08:06:07','2022-12-25 01:21:17','LONG HAIR','2022-12-07 22:37:00','2022-12-13 22:37:00','25',7,160,NULL),('uy870760','50',64,'mdl1','sz2','tstts5','2022-12-07 03:11:07','2022-12-25 01:21:17','LONG HAIR','2022-12-07 16:16:00','2022-12-13 16:16:00','23',7,132,NULL),('VZ758533','43.75',84,'mdl2','sz4','tstts5','2022-12-07 08:11:07','2022-12-25 01:21:17','SHORT HAIR','2022-12-07 21:27:00','2022-12-13 21:27:00','26',7,169,NULL),('WE238790','37.5',55,'mdl4','sz2','tstts5','2022-12-07 01:56:27','2022-12-25 01:21:17','LONG HAIR','2022-12-07 15:30:00','2022-12-13 15:30:00','27',7,124,NULL),('WE436587','43.75',85,'mdl3','sz1','tstts6','2022-12-07 08:02:46','2023-01-15 02:28:03','LONG HAIR','2022-12-07 21:28:00','2022-12-13 21:28:00','24',7,154,NULL),('WW123131','37.5',26,'mdl4','sz3','tstts6','2022-12-07 01:31:33','2023-01-15 02:28:03','LONG HAIR','2022-12-07 14:36:00','2022-12-13 14:36:00','24',7,102,NULL),('WW324111','43.75',88,'mdl1','sz3','tstts5','2022-12-07 08:15:07','2022-12-25 01:21:17','SHORT HAIR','2022-12-07 21:29:00','2022-12-13 21:29:00','26',7,176,NULL),('XB369600','50',109,'mdl3','sz1','tstts5','2022-12-07 08:08:19','2022-12-25 01:21:17','SHORT HAIR','2022-12-07 22:39:00','2022-12-13 22:39:00','25',7,164,NULL),('YE769854','100',27,'mdl3','sz2','tstts8','2022-12-07 01:33:24','2022-12-08 10:16:30','LONG HAIR','2022-12-07 14:36:00','2022-12-09 16:01:29','28',7,106,NULL),('YT768976','50',56,'mdl3','sz1','tstts6','2022-12-07 01:51:25','2023-01-15 02:28:03','SHORT HAIR','2022-12-07 15:31:00','2022-12-13 15:31:00','24',7,114,NULL),('YT769800','50',106,'mdl2','sz2','tstts5','2022-12-07 08:12:45','2022-12-25 01:21:18','SHORT HAIR','2022-12-07 22:19:00','2022-12-13 22:19:00','26',7,172,NULL),('YT787070','43.75',66,'mdl2','sz2','tstts6','2022-12-07 03:17:54','2023-01-15 02:28:03','LONG HAIR','2022-12-07 16:18:00','2022-12-13 16:18:00','24',7,140,NULL),('YT870908','50',108,'mdl1','sz3','tstts6','2022-12-07 08:04:12','2023-01-15 02:28:03','LONG HAIR','2022-12-07 22:38:00','2022-12-13 22:38:00','24',7,157,NULL),('YU780946','50',74,'mdl2','sz2','tstts5','2022-12-07 03:23:53','2022-12-25 01:21:18','LONG HAIR','2022-12-07 19:39:00','2022-12-13 19:39:00','23',7,147,NULL),('YU787079','62.5',63,'mdl3','sz1','tstts5','2022-12-07 03:13:53','2022-12-25 01:21:18','LONG HAIR','2022-12-07 16:17:00','2022-12-13 16:17:00','25',7,139,NULL);
/*!40000 ALTER TABLE `tasks` ENABLE KEYS */;
UNLOCK TABLES;

--
-- Table structure for table `tasks_days`
--

DROP TABLE IF EXISTS `tasks_days`;
/*!40101 SET @saved_cs_client     = @@character_set_client */;
/*!50503 SET character_set_client = utf8mb4 */;
CREATE TABLE `tasks_days` (
  `noOfDays_id` int NOT NULL AUTO_INCREMENT,
  `dates` varchar(255) DEFAULT NULL,
  `task_id` varchar(100) DEFAULT NULL,
  `days_count` int DEFAULT NULL,
  `progress` varchar(100) DEFAULT NULL,
  PRIMARY KEY (`noOfDays_id`),
  UNIQUE KEY `noOfDays_id_UNIQUE` (`noOfDays_id`)
) ENGINE=InnoDB AUTO_INCREMENT=200 DEFAULT CHARSET=utf8mb3;
/*!40101 SET character_set_client = @saved_cs_client */;

--
-- Dumping data for table `tasks_days`
--

LOCK TABLES `tasks_days` WRITE;
/*!40000 ALTER TABLE `tasks_days` DISABLE KEYS */;
INSERT INTO `tasks_days` VALUES (64,'2022-12-08','DF457870',0,'18.75'),(65,'2022-12-08','BT760890',0,'18.75'),(66,'2022-12-08','CE547688',0,'25'),(67,'2022-12-08','BG090750',0,'18.75'),(68,'2022-12-08','DK231561',0,'25'),(69,'2022-12-08','ER679809',0,'31.25'),(70,'2022-12-08','EE312356',0,'25'),(71,'2022-12-08','EQ537507',0,'25'),(72,'2022-12-08','DS234509',0,'31.25'),(73,'2022-12-08','DS547683',0,'31.25'),(74,'2022-12-08','ET707870',0,'100'),(75,'2022-12-08','EW233320',0,'31.25'),(76,'2022-12-08','EW328709',0,'31.25'),(77,'2022-12-08','FD346512',0,'100'),(78,'2022-12-08','FD542570',0,'25'),(79,'2022-12-08','FD547632',0,'31.25'),(80,'2022-12-08','FF34D5S',0,'25'),(81,'2022-12-08','FF34DSS',0,'37.5'),(82,'2022-12-08','FG780700',0,'31.25'),(83,'2022-12-08','FG780760',0,'100'),(84,'2022-12-08','FG900760',0,'31.25'),(85,'2022-12-08','FS427506',0,'37.5'),(86,'2022-12-08','GD676073',0,'31.25'),(87,'2022-12-08','GF567350',0,'100'),(88,'2022-12-08','GW426488',0,'37.5'),(89,'2022-12-08','HG670850',0,'100'),(90,'2022-12-08','HT658709',0,'37.5'),(91,'2022-12-08','HT76885',0,'50'),(92,'2022-12-08','II876533',0,'43.75'),(93,'2022-12-08','IT790522',0,'37.5'),(94,'2022-12-08','IU097680',0,'43.75'),(95,'2022-12-08','JA392841',0,'37.5'),(96,'2022-12-08','OR459800',0,'100'),(97,'2022-12-08','OR567839',0,'31.25'),(98,'2022-12-08','OR654311',0,'37.5'),(99,'2022-12-08','OR658743',0,'31.25'),(100,'2022-12-08','OR760998',0,'100'),(101,'2022-12-08','QQ123134',0,'37.5'),(102,'2022-12-08','RT5676890',0,'31.25'),(103,'2022-12-08','RE439807',0,'31.25'),(104,'2022-12-08','RT657809',0,'31.25'),(105,'2022-12-08','RT5687990',0,'37.5'),(106,'2022-12-08','RT680770',0,'37.5'),(107,'2022-12-08','RW978658',0,'37.5'),(108,'2022-12-08','SD678009',0,'25'),(109,'2022-12-08','TY585907',0,'12.5'),(110,'2022-12-08','UY789007',0,'31.25'),(111,'2022-12-08','UY870706',0,'31.25'),(112,'2022-12-08','uy870760',0,'37.5'),(113,'2022-12-08','WW123131',0,'25'),(114,'2022-12-08','TR587095',0,'37.5'),(115,'2022-12-08','TRT05059',0,'37.5'),(116,'2022-12-08','TR769805',0,'37.5'),(117,'2022-12-08','TW427579',0,'37.5'),(118,'2022-12-08','TY707870',0,'37.5'),(119,'2022-12-08','UA314901',0,'25'),(120,'2022-12-08','VZ758533',0,'37.5'),(121,'2022-12-08','WE238790',0,'37.5'),(122,'2022-12-08','WE436587',0,'37.5'),(123,'2022-12-08','WW324111',0,'37.5'),(124,'2022-12-08','YE769854',0,'100'),(125,'2022-12-08','YT768976',0,'37.5'),(126,'2022-12-08','XB369600',0,'37.5'),(127,'2022-12-08','YT769800',0,'37.5'),(128,'2022-12-08','YT787070',0,'18.75'),(129,'2022-12-08','YT870908',0,'31.25'),(130,'2022-12-08','YU780946',0,'43.75'),(131,'2022-12-08','YU787079',0,'56.25'),(132,'2022-12-08','FD769023',0,'12.5'),(133,'2022-12-08','RT768909',0,'6.25'),(134,'2022-12-08','ER454647',0,'50'),(135,'2022-12-08','ER467970',0,'18.75'),(136,'2022-12-08','FD658700',0,'18.75'),(137,'2022-12-08','GH0876970',0,'12.5'),(138,'2022-12-08','OI098707',0,'18.75'),(139,'2022-12-08','RE436590',0,'37.5'),(140,'2022-12-09','DK231561',0,'62.5'),(141,'2022-12-09','EE312356',0,'56.25'),(142,'2022-12-09','DS234509',0,'62.5'),(143,'2022-12-09','DS547683',0,'75'),(144,'2022-12-09','EQ537507',0,'56.25'),(145,'2022-12-09','ER454647',0,'62.5'),(146,'2022-12-09','ER467970',0,'37.5'),(147,'2022-12-09','ER679809',0,'56.25'),(148,'2022-12-09','EW233320',0,'100'),(149,'2022-12-09','EW328709',0,'43.75'),(150,'2022-12-09','FD542570',0,'37.5'),(151,'2022-12-09','FD547632',0,'43.75'),(152,'2022-12-09','FD658700',0,'37.5'),(153,'2022-12-09','FD769023',0,'31.25'),(154,'2022-12-09','FF34D5S',0,'37.5'),(155,'2022-12-09','FF34DSS',0,'50'),(156,'2022-12-09','FG900760',0,'50'),(157,'2022-12-09','FS427506',0,'50'),(158,'2022-12-09','GD676073',0,'43.75'),(159,'2022-12-09','GF890660',0,'12.5'),(160,'2022-12-09','GW426488',0,'50'),(161,'2022-12-09','HT658709',0,'50'),(162,'2022-12-09','HT76885',0,'56.25'),(163,'2022-12-09','II876533',0,'50'),(164,'2022-12-09','IT790522',0,'50'),(165,'2022-12-09','IU097680',0,'50'),(166,'2022-12-09','JA392841',0,'50'),(167,'2022-12-09','OI098707',0,'31.25'),(168,'2022-12-09','OR567839',0,'50'),(169,'2022-12-09','OR654311',0,'50'),(170,'2022-12-09','OR658743',0,'43.75'),(171,'2022-12-09','QQ123134',0,'50'),(172,'2022-12-09','RE436590',0,'50'),(173,'2022-12-09','RE439807',0,'43.75'),(174,'2022-12-09','RT5676890',0,'43.75'),(175,'2022-12-09','RT5687990',0,'50'),(176,'2022-12-09','RT657809',0,'43.75'),(177,'2022-12-09','RT680770',0,'50'),(178,'2022-12-09','RW978658',0,'50'),(179,'2022-12-09','TR587095',0,'50'),(180,'2022-12-09','TR769805',0,'50'),(181,'2022-12-09','TRT05059',0,'50'),(182,'2022-12-09','TW427579',0,'43.75'),(183,'2022-12-09','TY585907',0,'25'),(184,'2022-12-09','TY707870',0,'50'),(185,'2022-12-09','UA314901',0,'43.75'),(186,'2022-12-09','UY789007',0,'43.75'),(187,'2022-12-09','UY870706',0,'43.75'),(188,'2022-12-09','VZ758533',0,'43.75'),(189,'2022-12-09','uy870760',0,'50'),(190,'2022-12-09','WE436587',0,'43.75'),(191,'2022-12-09','WW123131',0,'37.5'),(192,'2022-12-09','WW324111',0,'43.75'),(193,'2022-12-09','XB369600',0,'50'),(194,'2022-12-09','YT768976',0,'50'),(195,'2022-12-09','YT787070',0,'43.75'),(196,'2022-12-09','YT769800',0,'50'),(197,'2022-12-09','YT870908',0,'50'),(198,'2022-12-09','YU780946',0,'50'),(199,'2022-12-09','YU787079',0,'62.5');
/*!40000 ALTER TABLE `tasks_days` ENABLE KEYS */;
UNLOCK TABLES;

--
-- Table structure for table `users`
--

DROP TABLE IF EXISTS `users`;
/*!40101 SET @saved_cs_client     = @@character_set_client */;
/*!50503 SET character_set_client = utf8mb4 */;
CREATE TABLE `users` (
  `user_id` int NOT NULL AUTO_INCREMENT,
  `first_name` varchar(45) NOT NULL,
  `last_name` varchar(45) NOT NULL,
  `middle_name` varchar(45) NOT NULL,
  `gender` varchar(45) NOT NULL,
  `username` varchar(45) NOT NULL,
  `password` varchar(255) NOT NULL,
  `email` varchar(45) NOT NULL,
  `birthday` datetime NOT NULL,
  `user_role` varchar(45) NOT NULL,
  `address` varchar(45) NOT NULL,
  `image` varchar(255) DEFAULT NULL,
  `contact` varchar(45) NOT NULL,
  `status` varchar(45) NOT NULL,
  `code` varchar(45) NOT NULL,
  `reset_token` varchar(255) DEFAULT NULL,
  PRIMARY KEY (`user_id`)
) ENGINE=InnoDB AUTO_INCREMENT=115 DEFAULT CHARSET=utf8mb3;
/*!40101 SET character_set_client = @saved_cs_client */;

--
-- Dumping data for table `users`
--

LOCK TABLES `users` WRITE;
/*!40000 ALTER TABLE `users` DISABLE KEYS */;
INSERT INTO `users` VALUES (2,'ADMIN','ADMIN','A','Female','ADMIN','$2y$10$.AFLJha7UnzVvNuouWO/9O0LXt2Ct5HP9Dz4yfDdaqolCZZAnwmYG','admin@gmail.com','1992-04-05 00:00:00','ur1','MABINI, CAMARINES SUR','img/profile/6.jpg','09758781348','ustts2','','0a2df40668033564b2e046bcfb17edec'),(22,'Judy ann','Comia','S.','Female','JUDYANN','$2y$10$gjPZYlpfotF.x/CCf1uvhObzUNmU2L6HJ9UFBd6ZOkhog5.A5rPoy','judyann011@gmail.com','1999-04-08 00:00:00','ur3','MABINI LIBMANAN CAMARINES SUR','img/profile/2.jpg','09157481541','ustts5','211812',NULL),(23,'Angel','Gonzales','P.','Female','ANGLE','$2y$10$nT8nqP/3Whf1kSTGjZ7zJusHjKCQ.G0dkKTZIWADDa83n2ezlwc6m','anglebre21@gmail.com','1999-12-04 00:00:00','ur3','MABINI LIBMANAN CAMARINES SUR','img/profile/3.jpg','09146315851','ustts5','899516',NULL),(24,'Princess Mae','Nolasco','K.','Female','PRINCESS','$2y$10$gculZZ6g7QURayPIrTVKQeDnz1jcSrVoaaM1xV1f4TTRWylghz2NG','princess0113@gmail.com','2000-11-19 00:00:00','ur3','MABINI LIBMANAN CAMARINES SUR','img/profile/6.jpg','09652014075','ustts5','807638',NULL),(25,'Lea','Ascaraga','K.','Female','LEA','$2y$10$4JJq9X85ZrCF2mLK1eItveXlU9YTGf8gb/t11ZnzEEOpWFj8xSXnq','lea024@gmail.com','2000-02-05 00:00:00','ur3','SIGAMOT LIBMANAN CAMARINES SUR','img/profile/8.jpg','09520120147','ustts5','127460',NULL),(26,'Mary Grace','Sanches','O.','Female','MARYGRACE','$2y$10$BLuBNK5HgR7kpRYdAsVmLulEp0RvcNYlzYFw83B340QM9Z734qUOe','marygrace019a@gmail.com','1998-11-06 00:00:00','ur3','SAN ISIDRO LIBMANAN CAMARINES SUR','img/profile/19.jpg','09560140217','ustts5','669497',NULL),(27,'Trisha','Cortes','P.','Female','TRISHA','$2y$10$VpkLDDFGARUu32fh7l1Gser9GQvF8q9/rO78iuUtIOAfuZZWLFT7O','trisha09d3@gmail.com','2000-02-11 00:00:00','ur3','MABINI LIBMANAN CAMARINES SUR','img/profile/FB_IMG_1580630197203.jpg','09630124057','ustts2','320844',NULL),(28,'Lorievic','Pasper','O.','Male','LORIEVIC','$2y$10$432ynClrr6PnuzBsW9vcsOgXdUjb0LNJi1TIxrACyh159vLjyuxHu','lorievic093@gmail.com','1998-06-06 00:00:00','ur3','MABINI LIBMANAN CAMARINES SUR','img/profile/images.jpeg','09520141025','ustts5','248999',NULL),(29,'Rochelle','Pabor','L.','Female','ROCHELLE','$2y$10$b7l0Gj8qqWHzkiWmRff0Qe4iYAR6MkQ21XnR7joAjTXIeXW89xXBi','rochelle94@gmail.com','1999-08-04 00:00:00','ur3','SIGAMOT LIBMANAN CAMARINES SUR','img/profile/FB_IMG_1580630197203.jpg','09521470252','ustts5','501243',NULL),(30,'Aubre','Aco','L.','Female','AUBRE','$2y$10$979iigq4xt3UtxEvuBqLLOoxso4XLk8MR5TwtbEKPy.khclsphWKy','aubre024@gmail.com','1999-05-09 00:00:00','ur3','MABINI LIBMANAN CAMARINES SUR','img/profile/FB_IMG_1611188694684.jpg','09252016045','ustts2','986276',NULL),(31,'Jamilla','Ofinda','K.','Female','JAMILLA','$2y$10$1E0PS//9lczzfBntzCkTbedxYL2xQX.kn5jTVS9hMaJp4/NHg3Bqi','jamilla2231@gamil.com','1998-02-05 00:00:00','ur3','SIGAMOT LIBMANAN CAMARINES SUR','img/profile/IMG_20210903_225325.jpg','09630178501','ustts5','114033',NULL),(32,'Aira Mae','Cortez','L.','Female','AIRAMAE','$2y$10$GicQXkAC4CrIBd3ULv/ZAuACvaeeVob8m1jA2CXmQ3fWUpYlOrvIm','airamae033@gmail.com','1999-08-06 00:00:00','ur2','MABINI LIBMANAN CAMARINES SUR','img/profile/2.jpg','09854102471','ustts2','548256',NULL),(33,'Ivy','Cortes','O.','Female','IVY','$2y$10$DWvR7kKzApeYrQYd.0.xI.l689GcWKvkOfyXIuKiyUcYZXMCyNEuG','ivymae090@gmail.com','1999-07-25 00:00:00','ur3','SAN ISIDRO LIBMANAN CAMARINES SUR','img/profile/3.jpg','09620145012','ustts5','735218',NULL),(34,'RICA','Gabiasa','K.','Female','RICA','$2y$10$GAas5vEHSToHQMgEtmpfPuoNdI2if.u34MGKQL0AcE0mcdis85fNa','rIca033@gmail.com','1998-12-09 00:00:00','ur2','MABINI LIBMANAN CAMARINES SUR','img/profile/6.jpg','09652014750','ustts2','970846',NULL),(35,'Maribel','Alvaro','L.','Female','MARIBEL','$2y$10$/Kyv169wSN7HBsNTHpvbp.CZlUk19qpTqGWepbknFAI/xkHKdJDpm','maribel93@gmail.com','1998-01-15 00:00:00','ur2','MABINI LIBMANAN CAMARINES SUR','img/profile/8.jpg','09620147025','ustts5','475172',NULL),(36,'RICOJAY','Gonzales','P.','Male','RICOJAY','$2y$10$JUc2mM6frvv/jWeK/vkQ5uesWi1MLEVKJpHHhkp.226o/XgdOJicK','ricojay000@gamil.com','2000-05-05 00:00:00','ur2','MABINI LIBMANAN CAMARINES SUR','img/profile/images.jpeg','09560147021','ustts2','216100',NULL),(37,'Miko','Mendez','S.','Male','MIKO','$2y$10$OtQH/6bguR.ByjMiSOtsv.ovsePGMeZriobSal2S.MNppIQyAvphe','miko989@gmail.com','1998-04-12 00:00:00','ur2','MABINI LIBMANAN CAMARINES SUR','img/profile/download.jpeg','09320154732','ustts5','248698',NULL),(38,'Kimberly','Bernal','K.','Female','KIMBERLY','$2y$10$u2VWNQQ1uhFXC4RjNUkZ4eaVvDYkiYLLtdEAJySgdCdGIIs8eBTZO','kim644@gmail.com','2000-02-03 00:00:00','ur2','MABINI LIBMANAN CAMARINES SUR','img/profile/8.jpg','09520140753','ustts2','660091',NULL),(39,'Roy','Noellana','P.','Male','ROY','$2y$10$25BvyDxglH9wFsuT0e18B.7pVQQjZ6f99.hnGyGzfKf8CCJ2b3hmK','royskie@gmail.com','1998-08-04 00:00:00','ur2','MABINI LIBMANAN CAMARINES SUR','img/profile/download.jpeg','09520471035','ustts5','891416',NULL),(40,'Miguel','Merabreno','I.','Male','MIGUEL','$2y$10$CdSmELSHSnGejpXQdctUre6FiMhTZe4fcQ6bA7BbGqhdTCTvakwAy','miguelken2@gmail.com','1997-01-09 00:00:00','ur3','MABINI LIBMANAN CAMARINES SUR','img/profile/481e5ea281c9296a14f205adbc8ca0aba06f9a65r1-480-599v2_hq.jpg','09620540741','ustts5','838411',NULL),(41,'Justin','Merabreno','G.','Male','JUSTIN','$2y$10$EaLTCkhF69yfzdSLNFJgaucaPQ.P8tnxOo83ibz3d0xLDwahUAP6m','justin231@gmail.com','1997-02-08 00:00:00','ur2','MABINI LIBMANAN CAMARINES SUR','img/profile/images.jpeg','09630514078','ustts5','397989',NULL),(42,'Bernadette','Solayao','H.','Female','BERNA','$2y$10$gphv5BhX2Q/S2YsDU3ewj.L1ZCJpJxArbthJTxralMzTYx/5opeZC','berna221@gmail.com','1999-04-08 00:00:00','ur2','SIGAMOT LIBMANAN CAMARINES SUR','img/profile/19.jpg','09652031047','ustts5','657941',NULL),(43,'Carlo','Modinao',' U.','Male','CARLO','$2y$10$LWJeVBdwLwf2ByQqNGAAsugjTOHgq7L19OWUx6cvmilogiYl/jEue','carlo022@gmail.com','1991-02-05 00:00:00','ur4','NAGA CITY CAMARINES SUR','img/profile/download.jpeg','09630140571','ustts2','287640',NULL),(44,'Pacsual','Lonario','G.','Male','PASCUAL','$2y$10$T9yeqtgBTa/NNQ8alRw6/OSpsmlwVB/J2NZXotmK93cydS32fwyr2','pascual022@gmail.com','1992-12-11 00:00:00','ur4','Lobaloba Libamanan Cam sur','img/profile/32e6a9ffb27f18115fc99e3b6d74f0f4--cristo-quotes.jpg','09890976787','ustts2','587892',NULL),(45,'Makino','Direk','D.','Male','MAKINO','$2y$10$4i0o6PCsueTVaGXxheGLZOFLCZs4EXODd1JUkF8GU04YJve3RJMlW','makino22@gmail.com','1992-03-11 00:00:00','ur4','Naga City Camarines Sur','img/profile/anime-boy-4k-xl.jpg','09231834131','ustts2','390393',NULL),(46,'Max','Dramino','D.','Male','MAX','$2y$10$zrRht5v1kjFU3zVKKs3fSez61aDH.ZhSYvthYjaL0GGiwu4QTM8SS','max222@gmail.com','1899-10-31 00:00:00','ur4','Cabusao Camarines Sur','img/profile/cabusao-logo.png','09287361731','ustts2','301515',NULL),(47,'Jose','MARCUS','p','Male','JOSE','$2y$10$T7Etu2U.f30prDUw/kpC.unHrBOt/1yM5zx.d81CGjzPvhMI4N2.O','jose@hmail.com','1990-11-29 00:00:00','ur2','LOBA','img/profile/images (5).jpeg','09075464959','ustts5','513706',NULL),(48,'Aleah Farah','Alarcon','Mesia','Female','ALEAH','$2y$10$ipTIwJFxOQmoZBXRnWssGOyWQa03NY/Syp0oxcTxs4.ZJami/6rlK','aleahalarcon8820@gmail.com','2001-01-24 00:00:00','ur3','Sooc Lupi Camarines Sur','img/profile/avatar.png','09486800886','ustts5','821839',NULL),(49,'ciang','diokno','mae','Female','ciang','$2y$10$vMVU47HP3J3h5ovyuX/kcu9VDMHaKC9suVWpFxBOxE742gUotdL12','treciamaediokno01@gmail.com','2001-07-01 00:00:00','ur3','ces','img/profile/avatar.png','09481215583','ustts5','924606',NULL),(50,'Rommel','Sumaoy','Diokno','Female','ROMMEL','$2y$10$M/PDoTfWwSF9XBbQnVUEHeohek9Na4QQCs2xmEn5yB3K9ZXddjN26','aleahalarcon08@gmail.com','2001-10-16 00:00:00','ur3','Libmanan Camarines Sur','img/profile/avatar.png','09486800886','ustts5','395555',NULL),(51,'Ming','Ming','Ming','Male','asakuraku000','$2y$10$mLLfFDqx49utmc1kGMc6HO49DN8K.qWgXddwPnI2xwTHYXHrrms02','asakuraku000@gmail.com','2022-12-03 00:00:00','ur3','Tampadong','img/profile/FB_IMG_16666969216238283.jpg','09955115167','ustts5','110799',NULL),(52,'tyokai','dasdsa','sadas','Male','mingming','$2y$10$ybOnuDNuVq7EiQDjR4cwoOFu5pG2lOmXNUwTr8Zv3Jm46aG9J/T7.','nneko0644@gmail.com','2022-12-01 00:00:00','ur4','brgy','img/profile/home.png','09955115167','ustts2','303942',NULL),(53,'Mario','Hanas','J.','Male','MARIO','$2y$10$vrOndnBWkYqAgOZR91LGIOEhes.54x65uFablNY4UJLC/jEClsJdK','mario011@gmail.com','1998-12-02 00:00:00','ur3','MABINI LIBMANAN CAMARINES SUR','img/profile/images (20).jpeg','09265834725','ustts5','185829',NULL),(54,'Miles','Ibano','J.','Female','MILES','$2y$10$oMLIF34nDmJoJZO8BPyNMu76nInhN2shmC5oO3Vgqg5MHYg5N56ZO','malise009@gmail.com','1999-11-22 00:00:00','ur3','MABINI LIBMANAN CAMARINES SUR','img/profile/images (19).jpeg','09568314765','ustts5','866653',NULL),(55,'Patrick','Lopez','K.','Male','PATRICK','$2y$10$e1Fg/h9Uwa7OD6mHroUjx.ZcEhOE7gqe.b9SLnh/bJwSeE4BQfA.2','patrick092@gmail.com','1999-02-02 00:00:00','ur3','Lobaloba Libamanan Cam sur','img/profile/1659746699723.jpg','09293849202','ustts5','168095',NULL),(56,'Shamille','ASMOR','F.','Female','SHAMILLE','$2y$10$OVx0Z6UZg3acDKysGZ0FLupGijx.I0qmG2JpRYvxjBQ35YfjjHW2a','sham200@gmail.com','1999-12-31 00:00:00','ur3','Mabini Libmanan Camarines Sur','img/profile/1659746699723.jpg','09877669082','ustts5','226988',NULL),(57,'Maxinee','Lomarco','F.','Female','MAXINEE','$2y$10$xBdCetBth3IdGkGeGSqWQOnhLoPyXOFVWGTSAI0YGOl839Gc47Afi','loma012@gmail.com','1999-12-07 00:00:00','ur3','Lobaloba Libmanan Camarines Sur','img/profile/images (20).jpeg','09265834125','ustts5','273818',NULL),(58,'Lomino','Dasmako','A.','Male','LOMINO','$2y$10$k3mQ5Y3CS9hSlesjLKUPP.MNxR7m0MKgh/QGs8gQ/Y3xxS4L08fM6','dasmako22@gmail.com','1999-12-05 00:00:00','ur3','MABINI LIBMANAN CAMARINES SUR','img/profile/images (20).jpeg','09562314675','ustts2','544421',NULL),(59,'Darwin','Franco','A.','Male','DARWIN','$2y$10$ULFfW0.E0UCwmoNXhkb5seoX2xIamn3wjf0JhC6Qdz42paUN.8Yl.','darwin22@gmail.com','1999-02-04 00:00:00','ur3','MABINI LIBMANAN CAMARINES SUR','img/profile/1659746699723.jpg','09878790895','ustts5','545504',NULL),(60,'Hinata','Sulat','G.','Female','HINATA','$2y$10$XrrvDLwO8dIg3bBy6hX9..4QIO.pdSW6xsgKCW75JkM6syMKCatyS','hinata00@gmail.com','1999-04-04 00:00:00','ur3','MABINI LIBMANAN CAMARINES SUR','img/profile/1659746699723.jpg','09878589090','ustts5','153643',NULL),(61,'Makinom','Dami','D.','Male','MAKINOM','$2y$10$bpDzwx4525L7lYudkR9XkOPST/3S8gDuBdJVbXxgwkCPQ2PMeF1/m','dami201@gmail.com','1999-12-01 00:00:00','ur3','Lobaloba Libmanan Camarines Sur','img/profile/images (19).jpeg','09568234671','ustts5','320407',NULL),(62,'Simano','Camara','R.','Female','SIMANO','$2y$10$d8KnFLOFFD0ecSYghk5zd.aQH/i6oVzHTv45OGWxzUWx93p1662kK','Shala00@gmail.com','1999-12-01 00:00:00','ur3','MABINI LIBMANAN CAMARINES SUR','img/profile/images (20).jpeg','09564781347','ustts5','565212',NULL),(63,'Lemmor','Rosman','E.','Male','LEMMOR','$2y$10$66nbU0zHS7bW4G95RCHs9e6PMwwv12qs9UVZrDL1rwIYvh1sGX276','rsumaoy123@gmail.com','1999-11-09 00:00:00','ur3','Lobaloba Libmanan Camarines Sur','img/profile/IMG_20221207_152701.jpg','09568231462','ustts5','344660',NULL),(64,'Kims','Manasco','E.','Male','KIMS','$2y$10$PilAF4JmgXCLGD7oUwpvh.TSZfvTSQBK26iCM2Iz9RLzdh5MEhVui','kim88@gmail.com','1998-09-07 00:00:00','ur3','MABINI LIBMANAN CAMARINES SUR','img/profile/IMG_20221207_152701.jpg','09568079461','ustts5','614797',NULL),(65,'Baldo','Poster','Z.','Male','BALDO','$2y$10$RjYFe3/nFk7cHd96paC5UuVfFepfG6JRWARmvc40c4N5d/4sbvQcO','baldos28@gmail.com','2002-07-01 00:00:00','ur3','MABINI LIBMANAN CAMARINES SUR','img/profile/IMG_20221207_152701.jpg','09568713452','ustts5','540676',NULL),(66,'Nardo','Marcos','S.','Male','NARDO','$2y$10$l384VLAvXEDKy8II/r35XOBuCRrfpLesHekOkUc427TipmeJXYvgy','Nardoo22@gmail.com','1994-08-17 00:00:00','ur3','MABINI LIBMANAN CAMARINES SUR','img/profile/IMG_20221207_152701.jpg','09874520874','ustts5','891436',NULL),(67,'Perto','Samson','J.','Male','PERTO','$2y$10$LOYe2cREjuolA//t.ePpoO.j7.EkahnfTf6Ev77voUIp2uwIjYGgG','perto000@gmail.com','1996-12-07 00:00:00','ur3','MABINI LIBMANAN CAMARINES SUR','img/profile/IMG_20221207_152701.jpg','09856134751','ustts5','120246',NULL),(68,'Jasper','Malono','K.','Male','JASPER','$2y$10$T9ccmgwVbutfTXrQNVtJrOK2mJAkaefZI/MOHVuwjIIKN3fFvbYgW','jasper@gmail.com','2003-09-22 00:00:00','ur3','MABINI LIBMANAN CAMARINES SUR','img/profile/IMG_20221207_152701.jpg','09586713258','ustts5','315552',NULL),(69,'Boyet','Gano','U.','Male','BOYET','$2y$10$5IrHYCALmTZUAgmh6eZVw.XNMQSlSU5RSuVR/jK6Apyb0GIflbjw.','boyer00@gmail.com','2000-08-09 00:00:00','ur3','Lobaloba Libmanan Camarines Sur','img/profile/IMG_20221207_152701.jpg','09586417852','ustts5','559677',NULL),(70,'Nikko','Walis','W.','Male','NIKKO','$2y$10$cwIcd.z68gBLDDATBgTPmuHgSejzu6ZW5hmU3h8hXHCeiGloeIQl6','Nikko22@gmail.com','1999-08-20 00:00:00','ur3','MABINI LIBMANAN CAMARINES SUR','img/profile/IMG_20221207_152701.jpg','09587641258','ustts5','113169',NULL),(71,'Bador','Ilano','R.','Male','BADOR','$2y$10$6KF7L79XQAkkNxqxE3xfHedl1HPD4wB9g7ysrf5PiBg765P/eiH2K','bador7@gmail.com','1998-06-07 00:00:00','ur3','MABINI LIBMANAN CAMARINES SUR','img/profile/IMG_20221207_152701.jpg','09586417528','ustts5','385779',NULL),(72,'Waldo','Sumala','S.','Male','WALDO','$2y$10$ecJ4.M8YGqQoyamVwK5msOhuFsffQEJZylaTPsyXzx1dRGDBOTB16','waldo22@gmail.com','1999-01-01 00:00:00','ur3','MABINI LIBMANAN CAMARINES SUR','img/profile/IMG_20221207_152701.jpg','09865247581','ustts5','541211',NULL),(73,'Kiko','Lasma','R.','Male','KIKO','$2y$10$n9S/t4UrcKSkHWq3pGoBKe1N2.Y7xose9hlhQxP1H4fMbKFJM92Ne','kiko100@gmail.com','1990-12-11 00:00:00','ur3','MABINI LIBMANAN CAMARINES SUR','img/profile/IMG_20221207_152701.jpg','09854741852','ustts5','218569',NULL),(74,'Zico','Masto','N.','Male','ZICO','$2y$10$NJiAa1/5Uu3lDCliX9CTgOPvQx8pT38okKrlGU/P0lPErGajOVXTG','zico4@gmail.com','2000-02-10 00:00:00','ur3','MABINI LIBMANAN CAMARINES SUR','img/profile/IMG_20221207_152701.jpg','09856247758','ustts5','502528',NULL),(75,'Dalar','Milano','D.','Male','DALAR','$2y$10$7A/E54/cb2OneF4Vh05yZetzTiC2XzEKlN15QuWYwzkNneIu4/4nW','dalaroo@gmail.com','2001-03-08 00:00:00','ur3','MABINI LIBMANAN CAMARINES SUR','img/profile/IMG_20221207_155249.jpg','09846713452','ustts5','441593',NULL),(76,'Dlar','Caroma','I.','Male','DLAR','$2y$10$o.wmpQMZU98U2j0IW72stOwqHE7Y53hQwtxzDwFYxWYKuPhq1VTSm','dlar00@gmail.com','2000-03-19 00:00:00','ur3','MABINI LIBMANAN CAMARINES SUR','img/profile/IMG_20221207_155249.jpg','09854741608','ustts5','691218',NULL),(77,'Minoto','Hanamo','D.','Male','MINOTO','$2y$10$9Y3sFaoYWoSoYSYEzfEtBOS1Lyps.fNRVNH7MtlMqzaQ/rnzMQXkC','minoto@gmail.com','2006-03-06 00:00:00','ur3','MABINI LIBMANAN CAMARINES SUR','img/profile/IMG_20221207_155249.jpg','09856471325','ustts5','424974',NULL),(78,'Franco','Pitor','O.','Male','FRANCO','$2y$10$GinYnQ/dVHpCJbPDm3vZ4uotYwUfO.GiSqPFszzuqN7DUHhK4xUHi','franco22@gmail.com','2001-03-09 00:00:00','ur3','MABINI LIBMANAN CAMARINES SUR','img/profile/IMG_20221207_155249.jpg','098652347850','ustts5','763753',NULL),(79,'Dolpo','Pinopo','J.','Male','DOLPO','$2y$10$6fRD5Q2bQpkV/GHQseViv.gHI0ix/l483SE.x7OE986CKfTqQk1x.','dolpo@gmail.com','1999-03-05 00:00:00','ur3','MABINI LIBMANAN CAMARINES SUR','img/profile/IMG_20221207_155249.jpg','09865235680','ustts5','945745',NULL),(80,'Trecia Mae','Diokno','Mañares','Female','Trecia','$2y$10$aK2JFjapUBwosXT.mIwQXObfP4e16kgW9ofN7hV./uK1YzDM1pd3m','treciamae.diokno@gmail.com','2001-07-01 00:00:00','ur3','Calagbangan','img/profile/avatar.png','09481215583','ustts5','307591',NULL),(81,'Trecia Mae','Diokno','M','Female','Trecia Mae','$2y$10$Gsk1SRXEzU9BuKnStRx/gufH3VAP6XZ0xopNXvMANJSp8RtPUQ0YK','treciamae.diokno@cbsua.edu.ph','2001-07-01 00:00:00','ur3','Calagbangan','img/profile/avatar.png','09481215583','ustts5','471861',NULL),(82,'Renz','Capin','C.','Male','RENZ','$2y$10$hHxqks7Yu.NsPuCi6pWSn.QYUqN3CFQHLffZuyMFkGePEoDu3xoIS','renz22@gmail.com','2001-03-18 00:00:00','ur3','MABINI LIBMANAN CAMARINES SUR','img/profile/IMG_20221207_195707.jpg','098652471528','ustts5','347738',NULL),(83,'Pitoy','Lamigos','K.','Male','PITOY','$2y$10$4wOl13cfVNn7JsNtsPxkSOAg4UtsWeBK5OYGv/DEXxmtQwVr9qJFO','pitoy99@gmail.com','2000-09-04 00:00:00','ur3','MABINI LIBMANAN CAMARINES SUR','img/profile/IMG_20221207_195707.jpg','09856079805','ustts5','967327',NULL),(84,'Rikko','Mastor','L.','Male','RIKKO','$2y$10$jClv8w1zjwi/yxU7FHT0ZuLx4m7pfOds/AD6pwbMlWYngmMewtXsq','mastor22@gmail.com','1998-08-02 00:00:00','ur3','MABINI LIBMANAN CAMARINES SUR','img/profile/IMG_20221207_152701.jpg','09856713425','ustts5','457239',NULL),(85,'Mathew','Lopes','D.','Male','MATHEW','$2y$10$3UciaxKk.kbEV4Ln2q5q9uZqfsvkBQX7mRFIgvcVThQ/f8Qc2WG3.','mathew011@gmail.com','1998-08-10 00:00:00','ur3','MABINI LIBMANAN CAMARINES SUR','img/profile/IMG_20221207_155249.jpg','09865473158','ustts5','271397',NULL),(86,'Patt','Restorio','K.','Male','PATT','$2y$10$XmWCQbxBS5mwp3GCR.EmHuubWPkPxUnryiwa64ALbTd.3bwS4ll5G','pattios11@gmail.com','1999-09-21 00:00:00','ur2','San Isidro Libmanan Camarines Sur','img/profile/IMG_20221207_155249.jpg','09864705610','ustts5','687957',NULL),(87,'John chloe','Magarin','D.','Male','JOHNCHLOE','$2y$10$yBLlYYK1lI7HoCYhfW8gFeTcJe0QsJImXwmI0mQ5OUf7mK9fclada','johnchloe@gmail.com','1998-08-07 00:00:00','ur2','San Isidro Libmanan Camarines Sur','img/profile/avatar.png','09564317980','ustts5','367916',NULL),(88,'Bomeng','Mendoza','D.','Male','BOMENG','$2y$10$F7AoexXs1sibnBMv2BZYjuz2RLg5FYys6v7.0pnS7GbF.xzlWq4KK','bomeng011@gmail.com','1999-09-16 00:00:00','ur2','San Isidro Libmanan Camarines Sur','img/profile/IMG_20221207_155249.jpg','09847614762','ustts5','548027',NULL),(89,'Ten-Ten','Mendoza','O.','Male','TENTEN','$2y$10$6YK9Gy.QyJzbfZj55ZNh9OIGOVWYHh5Ou4Zo55inB4AK4mn04DL/i','ten10@gmail.com','2000-10-11 00:00:00','ur2','San Isidro Libmanan Camarines Sur','img/profile/IMG_20221207_155249.jpg','097641986054','ustts5','433970',NULL),(90,'Lance','Ñinio','K.','Male','LANCE','$2y$10$uldVZ2JUmD9YuxD8BERLPu1qLm2.4k1XCdlNqpyQ6HZrr0a2b8sIu','lance00@gmail.com','1999-08-12 00:00:00','ur2','MABINI LIBMANAN CAMARINES SUR','img/profile/IMG_20221207_152701.jpg','09864731625','ustts5','546757',NULL),(91,'Ryzen','Ibano','I.','Male','RYZEN','$2y$10$Si2chbQJgsX9Q.oDi0xdTOa4DPCEr9h9EM3YOCkPmaHlgd4rpaHDS','ryzen22@gmail.com','1999-09-09 00:00:00','ur2','MABINI LIBMANAN CAMARINES SUR','img/profile/IMG_20221207_152701.jpg','09746135820','ustts5','718951',NULL),(92,'Palimoro','Rigomin','M.','Male','PALIMORO','$2y$10$wJdiJS8IAj8YqbO0xcYfgOTAz1oySoFfm1We.H1.m6iJcMAMm.846','rigo000@gmail.com','2002-10-20 00:00:00','ur2','MABINI LIBMANAN CAMARINES SUR','img/profile/IMG_20221207_155249.jpg','098651708079','ustts5','848172',NULL),(93,'Makie','Morales','F.','Male','MAKIE','$2y$10$pnGRmRTTynoNlwPQciEqg.buwK6HC5h1rfNwResAWhKs1jy9WTO4W','maki22@gmail.com','2001-03-08 00:00:00','ur2','MABINI LIBMANAN CAMARINES SUR','img/profile/IMG_20221207_155249.jpg','098652347805','ustts5','498244',NULL),(94,'Karlo','Magnia','D.','Male','KARLO','$2y$10$TiROdG1q9ndO2h8sWPZDOuEoyxTbUNfwrOqeBi4PYy.EAaPnOs7xO','magkino@gmail.com','1998-03-23 00:00:00','ur2','San Isidro Libmanan Camarines Sur','img/profile/IMG_20221207_155249.jpg','098653214780','ustts2','755933',NULL),(95,'Nestor','Lopez','K.','Male','NESTOR','$2y$10$lHsn1aKd.VQjS5ZfozWaDOhg.Pd3qe4dYlnzPxp2QdjntHAYjsAy6','nestor@gmail.com','2022-12-31 00:00:00','ur2','San Isidro Libmanan Camarines Sur','img/profile/IMG_20221207_152701.jpg','098654708079','ustts2','279573',NULL),(96,'Mariena','Hando','K.','Female','MARIENA','$2y$10$HrXrzQAvwFdYAqPos.qTe.hAkT7ajK.lSzabpXpDZd9iLav4PbTs6','mariena00@gmail.com','1998-08-05 00:00:00','ur3','MABINI LIBMANAN CAMARINES SUR','img/profile/IMG_20221207_155249.jpg','098653147808','ustts5','560295',NULL),(97,'Miana','Dela Tore','J.','Female','MAINA','$2y$10$Na4zNzwZeJ0VGBXxacLksuOMjYe0fkE3rgxI7MhTd0x2mx17Z60pC','maina22@gmail.com','1999-09-15 00:00:00','ur2','San Isidro Libmanan Camarines Sur','img/profile/images (20).jpeg','098674850982','ustts5','559122',NULL),(98,'Regor','Manate','R.','Male','REGOR','$2y$10$E1DHbnlwtTvz4srjHq/peOFGhz30yP8t73Dm.kfSMDJpKQ.XTrX16','regor000@gmail.com','1999-07-08 00:00:00','ur3','MABINI LIBMANAN CAMARINES SUR','img/profile/IMG_20221207_155249.jpg','098654780941','ustts5','837202',NULL),(99,'Lia','Niñio','I.','Male','LIA','$2y$10$qrT2prcSnmGSrrFihy7F0OGpmFsq.SrAdXe4T/acTZsu8RbdPQLae','Lia011@gmail.com','2000-12-12 00:00:00','ur3','MABINI LIBMANAN CAMARINES SUR','img/profile/IMG_20221207_152701.jpg','098654718052','ustts5','331264',NULL),(100,'Rio','Masana','D.','Male','RIO','$2y$10$1ApB9mXLy2Al0W77lhP0K.k41adoyLgdOjcfApTSJXgarjc0K/kVi','roi@gmail.com','1999-09-13 00:00:00','ur3','MABINI LIBMANAN CAMARINES SUR','img/profile/IMG_20221207_155249.jpg','09864743125','ustts5','729794',NULL),(101,'Kia','Lopez','W.','Male','KIA','$2y$10$wX1KSO01h9BsAhcYUQhqSe0WDJ9wMG8xhiau.i9ZLnV5KLNCS2bVm','kiap11@gmail.com','1999-09-06 00:00:00','ur2','MABINI LIBMANAN CAMARINES SUR','img/profile/IMG_20221207_152701.jpg','09867431580','ustts5','927434',NULL),(102,'Gino','Castro','U.','Male','GINO','$2y$10$Z006yxdZfwETslI9Euwlo.MTaBK9eBjVHVQtkseEGQGHWvdnOyKwy','gino11@gmail.com','1998-02-12 00:00:00','ur3','San Isidro Libmanan Camarines Sur','img/profile/IMG_20221207_155249.jpg','09764805147','ustts5','970612',NULL),(103,'Jem','Luños','L.','Male','JEM','$2y$10$neLA3zDTLKcWaLqcXG899eiBEZabTgjUOAcdr.NPqul7NvAhPHj/2','jem000@gmail.com','1999-09-08 00:00:00','ur3','Lobaloba Libmanan Camarines Sur','img/profile/IMG_20221207_152701.jpg','09867158079','ustts5','132644',NULL),(104,'Richard','Marino','K.','Male','RICHARD','$2y$10$Bzc7U8YSBF/RsAMdc5OUyuQ3dqszMj7FuktClxiBNPwls9Dhv5wSm','richard44@gmail.com','1999-09-08 00:00:00','ur2','MABINI LIBMANAN CAMARINES SUR','img/profile/IMG_20221207_195707.jpg','09867413258','ustts5','436631',NULL),(105,'Jimmy','Ñinio','K.','Male','JIMMY','$2y$10$7O/.TtKwOUkdjdlJ8rVbausB0zXXUeJW0zr9C73cYaPHz9Teu34D6','jimmy001@gmail.com','2000-09-11 00:00:00','ur3','MABINI LIBMANAN CAMARINES SUR','img/profile/IMG_20221207_155249.jpg','09865432958','ustts5','331609',NULL),(106,'Winston','Lorima','D.','Male','WINSTON','$2y$10$PZvHmq34x4796S3bAt4hV.cpEPSKcURF/Oaul4lBN2pG/myYudZBO','winston11@gmail.com','1999-09-07 00:00:00','ur2','San Isidro Libmanan Camarines Sur','img/profile/IMG_20221207_155249.jpg','09867431625','ustts5','525913',NULL),(107,'Danilo','Lopez','L.','Male','DANILO','$2y$10$nhX1FnE0UUVW/fQPNNwmUuoC546BfAgY7jqtbT2KhtmQWPoKgUrIy','danilo000@gmail.com','2000-10-23 00:00:00','ur2','MABINI LIBMANAN CAMARINES SUR','img/profile/IMG_20221207_155249.jpg','09864325616','ustts5','377383',NULL),(108,'Paul','Nissan','I ','Male','PAUL','$2y$10$mT0bfAprqMrqgZtFIXPbZubviP8NzIMQuXIZZSltsbOACKahVVwg.','paul22@gmail.com','1998-09-08 00:00:00','ur3','MABINI LIBMANAN CAMARINES SUR','img/profile/IMG_20221207_152701.jpg','09867346152','ustts5','686029',NULL),(109,'Hiro','Ganama','H.','Male','HIRO','$2y$10$wtrcmg.PRUbIhi3tAKnwuuZtnRCDKyovrWuJsuM38.8KB3.RyNwyW','hiro@gmail.com','1999-09-13 00:00:00','ur3','MABINI LIBMANAN CAMARINES SUR','img/profile/IMG_20221207_155249.jpg','09862623148','ustts5','931547',NULL),(110,'Mae','Diokno','M.','Female','Maee','$2y$10$eaiDvdUCh.473Fmg7Eq9euwqORbNKFFirN5w8BzKSDC7x8LsTo37W','aleahfarah08@gmail.com','2022-12-08 00:00:00','ur3','Calagbangan','img/profile/avatar.png','09481215583','ustts4','524439',NULL),(111,'Mandi','Sulay','K.','Male','MANDI','$2y$10$XcNvv1IUkKJ06lKRE5tBAOUT4sGzq9vwBfu0r3BOEcQPiWMYfTq7a','rommel.sumaoy@cbsua.edu.ph','1999-02-02 00:00:00','ur2','MABINI LIBMANAN CAMARINES SUR','img/profile/avatar.png','09877669808','ustts6','579320',NULL),(112,'JHUVI ROSE','DIOKNO','MANARES','Female','JHUVI','$2y$10$W8q2WLprK8jEVR/RPEP/GuD.Whc7mtZavqpR9AtXbyRXt25xwkb2.','treciamaediokno@gmail.com','2022-12-08 00:00:00','ur3','CES','img/profile/avatar.png','09481215583','ustts4','612174',NULL),(113,'Trecia Mae','Diokno','Manares','Female','eyshiyaaa','$2y$10$7nOySsAG.KIQHwUg8W97XOgX8DnLdQA4N7/.Z9LTSFRdcguuyDdOO','simpletutorialvideos@gmail.com','2022-12-01 00:00:00','ur3','Calagbangan','img/profile/avatar.png','09481215583','ustts1','305760',NULL),(114,'Trecia Mae','Diokno','Manares','Female','mae','$2y$10$LSM77dVDBhfgCGBv4Uh46.9ZMatXn7QYnGuccNf3IYX8mDNhnS4wi','simpletutorialvideos01@gmail.com','2022-12-01 00:00:00','ur3','Calagbangan','img/profile/avatar.png','09481215583','ustts6','975369',NULL);
/*!40000 ALTER TABLE `users` ENABLE KEYS */;
UNLOCK TABLES;

--
-- Table structure for table `wig`
--

DROP TABLE IF EXISTS `wig`;
/*!40101 SET @saved_cs_client     = @@character_set_client */;
/*!50503 SET character_set_client = utf8mb4 */;
CREATE TABLE `wig` (
  `wig_id` int NOT NULL AUTO_INCREMENT,
  `area_i` int DEFAULT NULL,
  `area_ii` int DEFAULT NULL,
  `area_iii` int DEFAULT NULL,
  `area_iv` int DEFAULT NULL,
  `updated_at` timestamp NULL DEFAULT CURRENT_TIMESTAMP ON UPDATE CURRENT_TIMESTAMP,
  `created_at` datetime DEFAULT CURRENT_TIMESTAMP,
  PRIMARY KEY (`wig_id`),
  UNIQUE KEY `wig_id_UNIQUE` (`wig_id`)
) ENGINE=InnoDB AUTO_INCREMENT=186 DEFAULT CHARSET=latin1;
/*!40101 SET character_set_client = @saved_cs_client */;

--
-- Dumping data for table `wig`
--

LOCK TABLES `wig` WRITE;
/*!40000 ALTER TABLE `wig` DISABLE KEYS */;
INSERT INTO `wig` VALUES (101,100,100,0,0,'2022-12-08 21:36:30','2022-12-07 01:30:51'),(102,100,50,0,0,'2022-12-08 21:43:10','2022-12-07 01:31:33'),(103,100,100,25,0,'2022-12-08 21:21:48','2022-12-07 01:32:01'),(104,100,100,0,0,'2022-12-08 21:39:43','2022-12-07 01:32:30'),(105,100,75,0,0,'2022-12-08 21:41:16','2022-12-07 01:32:57'),(106,100,100,100,100,'2022-12-08 10:16:30','2022-12-07 01:33:24'),(107,100,100,0,0,'2022-12-08 21:34:02','2022-12-07 01:48:23'),(108,100,100,100,100,'2022-12-08 22:12:11','2022-12-07 01:48:50'),(109,100,75,0,0,'2022-12-08 21:42:14','2022-12-07 01:49:09'),(110,100,100,50,0,'2022-12-08 20:13:14','2022-12-07 01:49:31'),(111,NULL,NULL,NULL,NULL,'2022-12-07 06:50:17','2022-12-07 01:50:17'),(112,100,100,0,0,'2022-12-08 21:35:03','2022-12-07 01:50:39'),(113,NULL,NULL,NULL,NULL,'2022-12-07 06:51:02','2022-12-07 01:51:02'),(114,100,100,0,0,'2022-12-08 21:43:46','2022-12-07 01:51:25'),(115,100,75,0,0,'2022-12-08 21:37:17','2022-12-07 01:51:49'),(116,100,75,0,0,'2022-12-08 21:25:50','2022-12-07 01:52:16'),(117,100,100,0,0,'2022-12-08 21:40:42','2022-12-07 01:52:45'),(118,100,100,0,0,'2022-12-08 21:36:54','2022-12-07 01:53:40'),(119,100,100,0,0,'2022-12-08 21:33:32','2022-12-07 01:54:10'),(120,100,75,0,0,'2022-12-08 21:37:49','2022-12-07 01:54:36'),(121,NULL,NULL,NULL,NULL,'2022-12-07 06:55:04','2022-12-07 01:55:04'),(122,100,100,0,0,'2022-12-08 21:29:41','2022-12-07 01:55:28'),(123,75,0,0,0,'2022-12-08 00:23:51','2022-12-07 01:55:58'),(124,100,50,0,0,'2022-12-08 05:49:21','2022-12-07 01:56:27'),(125,50,0,0,0,'2022-12-08 21:31:24','2022-12-07 01:56:53'),(126,100,100,100,100,'2022-12-08 10:13:12','2022-12-07 01:57:17'),(127,100,100,100,100,'2022-12-08 10:10:21','2022-12-07 01:57:41'),(128,NULL,NULL,NULL,NULL,'2022-12-07 06:57:41','2022-12-07 01:57:41'),(129,75,50,0,0,'2022-12-08 10:08:50','2022-12-07 01:58:11'),(130,100,100,100,100,'2022-12-08 10:08:41','2022-12-07 01:58:39'),(131,100,100,100,100,'2022-12-08 10:11:37','2022-12-07 01:59:07'),(132,100,100,0,0,'2022-12-08 21:42:50','2022-12-07 03:11:07'),(133,100,100,0,0,'2022-12-08 21:40:18','2022-12-07 03:11:29'),(134,100,75,0,0,'2022-12-08 21:42:21','2022-12-07 03:11:50'),(135,100,50,0,0,'2022-12-08 21:23:46','2022-12-07 03:12:09'),(136,100,100,0,0,'2022-12-08 21:41:00','2022-12-07 03:12:36'),(137,100,100,100,100,'2022-12-08 10:07:09','2022-12-07 03:13:02'),(138,100,100,0,0,'2022-12-08 21:41:55','2022-12-07 03:13:27'),(139,100,100,50,0,'2022-12-08 21:44:50','2022-12-07 03:13:53'),(140,100,75,0,0,'2022-12-08 21:44:24','2022-12-07 03:17:54'),(141,50,50,0,0,'2022-12-08 21:41:33','2022-12-07 03:18:16'),(142,100,100,50,0,'2022-12-08 21:23:16','2022-12-07 03:20:43'),(143,50,0,0,0,'2022-12-08 06:22:37','2022-12-07 03:22:01'),(144,100,0,0,0,'2022-12-08 04:27:00','2022-12-07 03:22:29'),(145,100,100,25,0,'2022-12-08 21:24:23','2022-12-07 03:22:58'),(146,25,0,0,0,'2022-12-08 06:06:15','2022-12-07 03:23:25'),(147,100,100,0,0,'2022-12-08 21:44:44','2022-12-07 03:23:53'),(148,100,75,0,0,'2022-12-08 21:38:56','2022-12-07 03:24:19'),(149,100,100,0,0,'2022-12-08 21:38:20','2022-12-07 03:24:47'),(150,100,50,0,0,'2022-12-08 21:26:53','2022-12-07 06:42:45'),(151,100,25,0,0,'2022-12-08 21:28:21','2022-12-07 06:43:13'),(152,100,100,50,0,'2022-12-08 20:19:41','2022-12-07 06:43:34'),(153,100,75,0,0,'2022-12-08 21:27:13','2022-12-07 06:44:07'),(154,100,75,0,0,'2022-12-08 21:42:56','2022-12-07 08:02:46'),(155,100,100,0,0,'2022-12-08 21:32:15','2022-12-07 08:03:16'),(156,NULL,NULL,NULL,NULL,'2022-12-07 13:03:42','2022-12-07 08:03:42'),(157,100,100,0,0,'2022-12-08 21:44:38','2022-12-07 08:04:12'),(158,75,0,0,0,'2022-12-08 00:48:52','2022-12-07 08:04:47'),(159,100,25,0,0,'2022-12-08 21:34:29','2022-12-07 08:05:34'),(160,100,75,0,0,'2022-12-08 21:42:36','2022-12-07 08:06:07'),(161,100,100,0,0,'2022-12-08 21:33:15','2022-12-07 08:06:41'),(162,100,75,0,0,'2022-12-08 21:30:48','2022-12-07 08:07:11'),(163,100,100,0,0,'2022-12-08 21:39:18','2022-12-07 08:07:47'),(164,100,100,0,0,'2022-12-08 21:43:22','2022-12-07 08:08:19'),(165,100,100,0,0,'2022-12-08 21:31:52','2022-12-07 08:08:53'),(166,75,0,0,0,'2022-12-08 00:34:42','2022-12-07 08:09:21'),(167,100,100,0,0,'2022-12-08 21:30:06','2022-12-07 08:09:49'),(168,100,100,25,0,'2022-12-08 21:22:50','2022-12-07 08:10:26'),(169,100,75,0,0,'2022-12-08 21:42:37','2022-12-07 08:11:07'),(170,100,100,0,0,'2022-12-08 21:32:49','2022-12-07 08:11:38'),(171,100,50,0,0,'2022-12-08 21:27:51','2022-12-07 08:12:13'),(172,100,100,0,0,'2022-12-08 21:43:59','2022-12-07 08:12:45'),(173,NULL,NULL,NULL,NULL,'2022-12-07 13:13:17','2022-12-07 08:13:17'),(174,100,0,0,0,'2022-12-08 01:14:40','2022-12-07 08:13:53'),(175,100,100,100,0,'2022-12-08 21:20:48','2022-12-07 08:14:29'),(176,100,75,0,0,'2022-12-08 21:43:07','2022-12-07 08:15:07'),(177,100,100,25,0,'2022-12-08 21:32:31','2022-12-07 08:15:43'),(178,100,50,0,0,'2022-12-08 21:28:40','2022-12-07 08:16:18'),(179,NULL,NULL,NULL,NULL,'2022-12-07 13:17:38','2022-12-07 08:17:38'),(180,100,100,0,0,'2022-12-08 21:28:59','2022-12-07 08:18:07'),(181,NULL,NULL,NULL,NULL,'2022-12-07 13:18:44','2022-12-07 08:18:44'),(182,100,75,0,0,'2022-12-08 21:36:04','2022-12-07 08:19:20'),(183,100,100,0,0,'2022-12-08 21:35:37','2022-12-07 08:20:08'),(184,100,100,100,100,'2022-12-08 10:14:43','2022-12-07 08:20:50'),(185,100,100,100,100,'2022-12-08 10:40:31','2022-12-07 08:21:24');
/*!40000 ALTER TABLE `wig` ENABLE KEYS */;
UNLOCK TABLES;

--
-- Table structure for table `wig_picture`
--

DROP TABLE IF EXISTS `wig_picture`;
/*!40101 SET @saved_cs_client     = @@character_set_client */;
/*!50503 SET character_set_client = utf8mb4 */;
CREATE TABLE `wig_picture` (
  `id` int NOT NULL AUTO_INCREMENT,
  `picture` varchar(255) DEFAULT NULL,
  `pic_status` varchar(45) DEFAULT NULL,
  `area_no` varchar(45) DEFAULT NULL,
  `picture_no` varchar(45) DEFAULT NULL,
  `date_created` datetime DEFAULT CURRENT_TIMESTAMP,
  `task_id` varchar(100) DEFAULT NULL,
  PRIMARY KEY (`id`)
) ENGINE=InnoDB AUTO_INCREMENT=966 DEFAULT CHARSET=latin1;
/*!40101 SET character_set_client = @saved_cs_client */;

--
-- Dumping data for table `wig_picture`
--

LOCK TABLES `wig_picture` WRITE;
/*!40000 ALTER TABLE `wig_picture` DISABLE KEYS */;
INSERT INTO `wig_picture` VALUES (333,'img/history/images (8).jpeg','Approved','area_i','area_i_pic_one','2022-12-07 02:35:05','DF457870'),(334,'img/history/images (8).jpeg','Approved','area_i','area_i_pic_two','2022-12-07 02:35:20','DF457870'),(335,'img/history/images (8).jpeg','Approved','area_i','area_i_pic_three','2022-12-07 02:35:35','DF457870'),(336,'img/history/images (8).jpeg','Approved','area_i','area_i_pic_one','2022-12-07 19:26:02','BT760890'),(337,'img/history/images (8).jpeg','Approved','area_i','area_i_pic_two','2022-12-07 19:26:17','BT760890'),(338,'img/history/images (16).jpeg','Approved','area_i','area_i_pic_three','2022-12-07 19:33:17','BT760890'),(339,'img/history/IMG_20221208_083833.jpg','Approved','area_i','area_i_pic_one','2022-12-07 19:39:23','BG090750'),(340,'img/history/IMG_20221208_083833.jpg','Approved','area_i','area_i_pic_two','2022-12-07 19:39:33','BG090750'),(341,'img/history/IMG_20221208_083847.jpg','Approved','area_i','area_i_pic_three','2022-12-07 19:39:42','BG090750'),(342,'img/history/IMG_20221208_083833.jpg','Approved','area_i','area_i_pic_one','2022-12-07 19:40:22','CE547688'),(343,'img/history/IMG_20221208_083833.jpg','Approved','area_i','area_i_pic_two','2022-12-07 19:40:32','CE547688'),(344,'img/history/IMG_20221208_083833.jpg','Approved','area_i','area_i_pic_three','2022-12-07 19:40:43','CE547688'),(345,'img/history/IMG_20221208_083847.jpg','Approved','area_i','area_i_pic_four','2022-12-07 19:40:54','CE547688'),(346,'img/history/IMG_20221208_083833.jpg','Approved','area_i','area_i_pic_one','2022-12-07 19:43:01','DK231561'),(347,'img/history/IMG_20221208_083833.jpg','Approved','area_i','area_i_pic_two','2022-12-07 19:43:12','DK231561'),(348,'img/history/IMG_20221208_083833.jpg','Approved','area_i','area_i_pic_three','2022-12-07 19:43:21','DK231561'),(349,'img/history/IMG_20221208_083847.jpg','Approved','area_i','area_i_pic_four','2022-12-07 19:43:45','DK231561'),(350,'img/history/IMG_20221208_083833.jpg','Approved','area_i','area_i_pic_one','2022-12-07 19:45:56','FG780700'),(351,'img/history/IMG_20221208_083833.jpg','Rejected','area_i','area_i_pic_two','2022-12-07 19:46:06','FG780700'),(352,'img/history/IMG_20221208_083833.jpg','Approved','area_i','area_i_pic_three','2022-12-07 19:46:14','FG780700'),(353,'img/history/IMG_20221208_083847.jpg','Approved','area_i','area_i_pic_four','2022-12-07 19:46:25','FG780700'),(354,'img/history/IMG_20221208_083833.jpg','Approved','area_i','area_i_pic_one','2022-12-07 19:47:15','EW233320'),(355,'img/history/IMG_20221208_083833.jpg','Approved','area_i','area_i_pic_two','2022-12-07 19:47:25','EW233320'),(356,'img/history/IMG_20221208_083833.jpg','Approved','area_i','area_i_pic_three','2022-12-07 19:47:35','EW233320'),(357,'img/history/IMG_20221208_083833.jpg','Rejected','area_i','area_i_pic_one','2022-12-07 19:49:05','TY585907'),(358,'img/history/IMG_20221208_083833.jpg','Rejected','area_i','area_i_pic_two','2022-12-07 19:49:15','TY585907'),(359,'img/history/IMG_20221208_083833.jpg','Rejected','area_i','area_i_pic_three','2022-12-07 19:49:27','TY585907'),(360,'img/history/IMG_20221208_083847.jpg','Approved','area_i','area_i_pic_four','2022-12-07 19:49:42','TY585907'),(361,'img/history/IMG_20221208_083833.jpg','Approved','area_i','area_i_pic_one','2022-12-07 19:50:31','WW123131'),(362,'img/history/IMG_20221208_083833.jpg','Rejected','area_i','area_i_pic_two','2022-12-07 19:50:39','WW123131'),(363,'img/history/IMG_20221208_083833.jpg','Approved','area_i','area_i_pic_three','2022-12-07 19:50:56','WW123131'),(364,'img/history/IMG_20221208_083833.jpg','Approved','area_i','area_i_pic_one','2022-12-07 19:51:45','EQ537507'),(365,'img/history/IMG_20221208_083833.jpg','Approved','area_i','area_i_pic_two','2022-12-07 19:51:54','EQ537507'),(366,'img/history/IMG_20221208_083833.jpg','Approved','area_i','area_i_pic_three','2022-12-07 19:52:04','EQ537507'),(367,'img/history/IMG_20221208_083833.jpg','Approved','area_i','area_i_pic_four','2022-12-07 19:52:21','EQ537507'),(368,'img/history/IMG_20221208_083833.jpg','Approved','area_i','area_i_pic_one','2022-12-07 19:53:38','EE312356'),(369,'img/history/IMG_20221208_083833.jpg','Approved','area_i','area_i_pic_two','2022-12-07 19:53:47','EE312356'),(370,'img/history/IMG_20221208_083833.jpg','Approved','area_i','area_i_pic_three','2022-12-07 19:54:01','EE312356'),(371,'img/history/IMG_20221208_083833.jpg','Approved','area_i','area_i_pic_four','2022-12-07 19:54:11','EE312356'),(372,'img/history/IMG_20221208_083833.jpg','Approved','area_i','area_i_pic_one','2022-12-07 19:54:50','DS234509'),(373,'img/history/IMG_20221208_083833.jpg','Approved','area_i','area_i_pic_two','2022-12-07 19:55:00','DS234509'),(374,'img/history/IMG_20221208_083833.jpg','Approved','area_i','area_i_pic_three','2022-12-07 19:55:13','DS234509'),(375,'img/history/IMG_20221208_083833.jpg','Approved','area_i','area_i_pic_four','2022-12-07 19:55:23','DS234509'),(376,'img/history/IMG_20221208_083847.jpg','Approved','area_ii','area_ii_pic_two','2022-12-07 19:55:34','DS234509'),(377,'img/history/IMG_20221208_083833.jpg','Approved','area_i','area_i_pic_one','2022-12-07 19:56:19','ER679809'),(378,'img/history/IMG_20221208_083833.jpg','Approved','area_i','area_i_pic_two','2022-12-07 19:56:27','ER679809'),(379,'img/history/IMG_20221208_083833.jpg','Approved','area_i','area_i_pic_three','2022-12-07 19:56:37','ER679809'),(380,'img/history/IMG_20221208_083833.jpg','Approved','area_i','area_i_pic_four','2022-12-07 19:56:50','ER679809'),(381,'img/history/IMG_20221208_083847.jpg','Approved','area_ii','area_ii_pic_one','2022-12-07 19:57:02','ER679809'),(382,'img/history/IMG_20221208_083833.jpg','Approved','area_i','area_i_pic_one','2022-12-07 19:58:17','ET707870'),(383,'img/history/IMG_20221208_083833.jpg','Approved','area_i','area_i_pic_two','2022-12-07 19:58:26','ET707870'),(384,'img/history/IMG_20221208_083833.jpg','Approved','area_i','area_i_pic_three','2022-12-07 19:58:39','ET707870'),(385,'img/history/IMG_20221208_083833.jpg','Approved','area_i','area_i_pic_four','2022-12-07 19:58:49','ET707870'),(386,'img/history/IMG_20221208_083847.jpg','Approved','area_ii','area_ii_pic_one','2022-12-07 19:59:00','ET707870'),(387,'img/history/IMG_20221208_083833.jpg','Approved','area_i','area_i_pic_four','2022-12-07 20:01:31','EW233320'),(388,'img/history/IMG_20221208_083847.jpg','Approved','area_ii','area_ii_pic_one','2022-12-07 20:01:48','EW233320'),(389,'img/history/IMG_20221208_083833.jpg','Approved','area_i','area_i_pic_one','2022-12-07 20:02:28','EW328709'),(390,'img/history/IMG_20221208_083833.jpg','Approved','area_i','area_i_pic_two','2022-12-07 20:02:37','EW328709'),(391,'img/history/IMG_20221208_083833.jpg','Approved','area_i','area_i_pic_three','2022-12-07 20:02:46','EW328709'),(392,'img/history/IMG_20221208_083847.jpg','Approved','area_ii','area_ii_pic_one','2022-12-07 20:03:00','EW328709'),(393,'img/history/IMG_20221208_083833.jpg','Approved','area_i','area_i_pic_four','2022-12-07 20:03:11','EW328709'),(394,'img/history/IMG_20221208_083833.jpg','Approved','area_i','area_i_pic_one','2022-12-07 20:03:51','FD346512'),(395,'img/history/IMG_20221208_083833.jpg','Approved','area_i','area_i_pic_two','2022-12-07 20:04:00','FD346512'),(396,'img/history/IMG_20221208_083833.jpg','Approved','area_i','area_i_pic_three','2022-12-07 20:04:10','FD346512'),(397,'img/history/IMG_20221208_083833.jpg','Approved','area_i','area_i_pic_four','2022-12-07 20:04:21','FD346512'),(398,'img/history/IMG_20221208_083847.jpg','Approved','area_ii','area_ii_pic_one','2022-12-07 20:04:32','FD346512'),(399,'img/history/IMG_20221208_083833.jpg','Approved','area_i','area_i_pic_one','2022-12-07 20:05:15','FD542570'),(400,'img/history/IMG_20221208_083833.jpg','Approved','area_i','area_i_pic_two','2022-12-07 20:05:24','FD542570'),(401,'img/history/IMG_20221208_083833.jpg','Approved','area_i','area_i_pic_three','2022-12-07 20:05:34','FD542570'),(402,'img/history/IMG_20221208_083833.jpg','Approved','area_i','area_i_pic_four','2022-12-07 20:05:44','FD542570'),(403,'img/history/IMG_20221208_083833.jpg','Approved','area_i','area_i_pic_one','2022-12-07 20:25:11','DS547683'),(404,'img/history/IMG_20221208_083833.jpg','Approved','area_i','area_i_pic_two','2022-12-07 20:26:45','DS547683'),(405,'img/history/IMG_20221208_083833.jpg','Approved','area_i','area_i_pic_three','2022-12-07 20:27:10','DS547683'),(406,'img/history/IMG_20221208_083833.jpg','Approved','area_i','area_i_pic_four','2022-12-07 20:27:21','DS547683'),(407,'img/history/IMG_20221208_083847.jpg','Approved','area_ii','area_ii_pic_one','2022-12-07 20:27:40','DS547683'),(408,'img/history/IMG_20221208_083833.jpg','Approved','area_i','area_i_pic_one','2022-12-07 20:29:05','FD547632'),(409,'img/history/IMG_20221208_083833.jpg','Approved','area_i','area_i_pic_two','2022-12-07 20:29:14','FD547632'),(410,'img/history/IMG_20221208_083833.jpg','Approved','area_i','area_i_pic_three','2022-12-07 20:29:23','FD547632'),(411,'img/history/IMG_20221208_083833.jpg','Approved','area_i','area_i_pic_four','2022-12-07 20:29:33','FD547632'),(412,'img/history/IMG_20221208_083847.jpg','Approved','area_ii','area_ii_pic_one','2022-12-07 20:29:42','FD547632'),(413,'img/history/IMG_20221208_083833.jpg','Approved','area_i','area_i_pic_one','2022-12-07 20:31:00','FF34D5S'),(414,'img/history/IMG_20221208_083833.jpg','Approved','area_i','area_i_pic_two','2022-12-07 20:31:09','FF34D5S'),(415,'img/history/IMG_20221208_083833.jpg','Approved','area_i','area_i_pic_three','2022-12-07 20:31:18','FF34D5S'),(416,'img/history/IMG_20221208_083833.jpg','Approved','area_i','area_i_pic_four','2022-12-07 20:31:29','FF34D5S'),(417,'img/history/IMG_20221208_083833.jpg','Approved','area_i','area_i_pic_one','2022-12-07 20:32:20','FF34DSS'),(418,'img/history/IMG_20221208_083833.jpg','Approved','area_i','area_i_pic_two','2022-12-07 20:32:28','FF34DSS'),(419,'img/history/IMG_20221208_083833.jpg','Approved','area_i','area_i_pic_three','2022-12-07 20:32:37','FF34DSS'),(420,'img/history/IMG_20221208_083833.jpg','Approved','area_i','area_i_pic_four','2022-12-07 20:32:49','FF34DSS'),(421,'img/history/IMG_20221208_083847.jpg','Approved','area_ii','area_ii_pic_one','2022-12-07 20:32:59','FF34DSS'),(422,'img/history/IMG_20221208_083847.jpg','Approved','area_ii','area_ii_pic_two','2022-12-07 20:33:07','FF34DSS'),(423,'img/history/IMG_20221208_083833.jpg','Approved','area_i','area_i_pic_one','2022-12-07 20:33:52','FG780760'),(424,'img/history/IMG_20221208_083833.jpg','Approved','area_i','area_i_pic_two','2022-12-07 20:34:01','FG780760'),(425,'img/history/IMG_20221208_083833.jpg','Approved','area_i','area_i_pic_three','2022-12-07 20:34:10','FG780760'),(426,'img/history/IMG_20221208_083833.jpg','Approved','area_i','area_i_pic_four','2022-12-07 20:34:20','FG780760'),(427,'img/history/IMG_20221208_083847.jpg','Approved','area_ii','area_ii_pic_one','2022-12-07 20:34:29','FG780760'),(428,'img/history/IMG_20221208_083847.jpg','Approved','area_ii','area_ii_pic_two','2022-12-07 20:34:37','FG780760'),(429,'img/history/IMG_20221208_083833.jpg','Approved','area_i','area_i_pic_one','2022-12-07 20:35:16','FG900760'),(430,'img/history/IMG_20221208_083833.jpg','Approved','area_i','area_i_pic_two','2022-12-07 20:35:25','FG900760'),(431,'img/history/IMG_20221208_083833.jpg','Approved','area_i','area_i_pic_three','2022-12-07 20:35:34','FG900760'),(432,'img/history/IMG_20221208_083833.jpg','Approved','area_i','area_i_pic_four','2022-12-07 20:35:50','FG900760'),(433,'img/history/IMG_20221208_083847.jpg','Approved','area_ii','area_ii_pic_one','2022-12-07 20:36:09','FG900760'),(434,'img/history/IMG_20221208_083833.jpg','Approved','area_i','area_i_pic_one','2022-12-07 20:37:02','FS427506'),(435,'img/history/IMG_20221208_083833.jpg','Approved','area_i','area_i_pic_two','2022-12-07 20:37:11','FS427506'),(436,'img/history/IMG_20221208_083833.jpg','Approved','area_i','area_i_pic_three','2022-12-07 20:37:20','FS427506'),(437,'img/history/IMG_20221208_083833.jpg','Approved','area_i','area_i_pic_four','2022-12-07 20:37:29','FS427506'),(438,'img/history/IMG_20221208_083847.jpg','Approved','area_ii','area_ii_pic_one','2022-12-07 20:37:37','FS427506'),(439,'img/history/IMG_20221208_083847.jpg','Approved','area_ii','area_ii_pic_two','2022-12-07 20:37:55','FS427506'),(440,'img/history/IMG_20221208_083833.jpg','Approved','area_i','area_i_pic_one','2022-12-07 20:38:48','GD676073'),(441,'img/history/IMG_20221208_083833.jpg','Approved','area_i','area_i_pic_two','2022-12-07 20:38:58','GD676073'),(442,'img/history/IMG_20221208_083833.jpg','Approved','area_i','area_i_pic_three','2022-12-07 20:39:07','GD676073'),(443,'img/history/IMG_20221208_083833.jpg','Approved','area_i','area_i_pic_four','2022-12-07 20:39:26','GD676073'),(444,'img/history/IMG_20221208_083847.jpg','Approved','area_ii','area_ii_pic_one','2022-12-07 20:39:40','GD676073'),(445,'img/history/IMG_20221208_083833.jpg','Approved','area_i','area_i_pic_one','2022-12-07 20:40:23','GF567350'),(446,'img/history/IMG_20221208_083833.jpg','Approved','area_i','area_i_pic_two','2022-12-07 20:40:35','GF567350'),(447,'img/history/IMG_20221208_083833.jpg','Approved','area_i','area_i_pic_three','2022-12-07 20:40:50','GF567350'),(448,'img/history/IMG_20221208_083833.jpg','Approved','area_i','area_i_pic_four','2022-12-07 20:41:40','GF567350'),(449,'img/history/IMG_20221208_083847.jpg','Approved','area_ii','area_ii_pic_one','2022-12-07 20:41:49','GF567350'),(450,'img/history/IMG_20221208_083847.jpg','Approved','area_ii','area_ii_pic_two','2022-12-07 20:42:00','GF567350'),(451,'img/history/IMG_20221208_083847.jpg','Approved','area_ii','area_ii_pic_three','2022-12-07 20:42:10','GF567350'),(452,'img/history/IMG_20221208_083833.jpg','Approved','area_i','area_i_pic_one','2022-12-07 20:42:48','GW426488'),(453,'img/history/IMG_20221208_083833.jpg','Approved','area_i','area_i_pic_two','2022-12-07 20:42:57','GW426488'),(454,'img/history/IMG_20221208_083833.jpg','Approved','area_i','area_i_pic_three','2022-12-07 20:43:06','GW426488'),(455,'img/history/IMG_20221208_083833.jpg','Approved','area_i','area_i_pic_four','2022-12-07 20:43:18','GW426488'),(456,'img/history/IMG_20221208_083847.jpg','Approved','area_ii','area_ii_pic_one','2022-12-07 20:43:36','GW426488'),(457,'img/history/IMG_20221208_083847.jpg','Approved','area_ii','area_ii_pic_two','2022-12-07 20:43:51','GW426488'),(458,'img/history/IMG_20221208_083833.jpg','Approved','area_i','area_i_pic_one','2022-12-07 20:44:50','HG670850'),(459,'img/history/IMG_20221208_083833.jpg','Approved','area_i','area_i_pic_two','2022-12-07 20:45:00','HG670850'),(460,'img/history/IMG_20221208_083833.jpg','Approved','area_i','area_i_pic_three','2022-12-07 20:45:09','HG670850'),(461,'img/history/IMG_20221208_083833.jpg','Approved','area_i','area_i_pic_four','2022-12-07 20:45:22','HG670850'),(462,'img/history/IMG_20221208_083847.jpg','Approved','area_ii','area_ii_pic_one','2022-12-07 20:45:58','HG670850'),(463,'img/history/5262c202d4912903de42ebb0c6d6a75f.jpg','Approved','area_ii','area_ii_pic_one','2022-12-07 21:03:16','FG780700'),(464,'img/history/IMG_20221208_083833.jpg','Approved','area_i','area_i_pic_one','2022-12-07 21:53:05','HT658709'),(465,'img/history/IMG_20221208_083833.jpg','Approved','area_i','area_i_pic_two','2022-12-07 21:53:14','HT658709'),(466,'img/history/IMG_20221208_083833.jpg','Approved','area_i','area_i_pic_three','2022-12-07 21:53:24','HT658709'),(467,'img/history/IMG_20221208_083833.jpg','Approved','area_i','area_i_pic_four','2022-12-07 21:53:35','HT658709'),(468,'img/history/IMG_20221208_083847.jpg','Approved','area_ii','area_ii_pic_one','2022-12-07 21:53:48','HT658709'),(469,'img/history/IMG_20221208_083847.jpg','Approved','area_ii','area_ii_pic_two','2022-12-07 21:53:57','HT658709'),(470,'img/history/IMG_20221208_083833.jpg','Approved','area_i','area_i_pic_one','2022-12-07 21:54:33','HT76885'),(471,'img/history/IMG_20221208_083833.jpg','Approved','area_i','area_i_pic_two','2022-12-07 21:54:43','HT76885'),(472,'img/history/IMG_20221208_083833.jpg','Approved','area_i','area_i_pic_three','2022-12-07 21:54:52','HT76885'),(473,'img/history/IMG_20221208_083833.jpg','Approved','area_i','area_i_pic_four','2022-12-07 21:55:02','HT76885'),(474,'img/history/IMG_20221208_083847.jpg','Approved','area_ii','area_ii_pic_one','2022-12-07 21:55:14','HT76885'),(475,'img/history/IMG_20221208_083847.jpg','Approved','area_ii','area_ii_pic_two','2022-12-07 21:55:23','HT76885'),(476,'img/history/IMG_20221208_083847.jpg','Approved','area_ii','area_ii_pic_three','2022-12-07 21:55:34','HT76885'),(477,'img/history/IMG_20221208_083847.jpg','Approved','area_ii','area_ii_pic_four','2022-12-07 21:55:58','HT76885'),(478,'img/history/IMG_20221208_083833.jpg','Approved','area_i','area_i_pic_one','2022-12-07 21:56:37','II876533'),(479,'img/history/IMG_20221208_083833.jpg','Approved','area_i','area_i_pic_two','2022-12-07 21:56:46','II876533'),(480,'img/history/IMG_20221208_083833.jpg','Approved','area_i','area_i_pic_three','2022-12-07 21:56:56','II876533'),(481,'img/history/IMG_20221208_083847.jpg','Approved','area_i','area_i_pic_four','2022-12-07 21:57:11','II876533'),(482,'img/history/IMG_20221208_083847.jpg','Approved','area_ii','area_ii_pic_one','2022-12-07 21:57:21','II876533'),(483,'img/history/IMG_20221208_083847.jpg','Approved','area_ii','area_ii_pic_two','2022-12-07 21:57:30','II876533'),(484,'img/history/IMG_20221208_083847.jpg','Approved','area_ii','area_ii_pic_three','2022-12-07 21:57:40','II876533'),(485,'img/history/IMG_20221208_083833.jpg','Approved','area_i','area_i_pic_one','2022-12-07 21:58:35','IT790522'),(486,'img/history/IMG_20221208_083833.jpg','Approved','area_i','area_i_pic_two','2022-12-07 21:58:44','IT790522'),(487,'img/history/IMG_20221208_083833.jpg','Approved','area_i','area_i_pic_three','2022-12-07 21:58:53','IT790522'),(488,'img/history/IMG_20221208_083833.jpg','Approved','area_i','area_i_pic_four','2022-12-07 21:59:04','IT790522'),(489,'img/history/IMG_20221208_083847.jpg','Approved','area_ii','area_ii_pic_one','2022-12-07 21:59:12','IT790522'),(490,'img/history/IMG_20221208_083847.jpg','Approved','area_ii','area_ii_pic_two','2022-12-07 21:59:25','IT790522'),(491,'img/history/IMG_20221208_083833.jpg','Approved','area_i','area_i_pic_one','2022-12-07 22:00:03','IU097680'),(492,'img/history/IMG_20221208_083833.jpg','Approved','area_i','area_i_pic_two','2022-12-07 22:00:11','IU097680'),(493,'img/history/IMG_20221208_083833.jpg','Approved','area_i','area_i_pic_three','2022-12-07 22:00:20','IU097680'),(494,'img/history/IMG_20221208_083833.jpg','Approved','area_i','area_i_pic_four','2022-12-07 22:00:34','IU097680'),(495,'img/history/IMG_20221208_083847.jpg','Approved','area_ii','area_ii_pic_one','2022-12-07 22:00:44','IU097680'),(496,'img/history/IMG_20221208_083847.jpg','Approved','area_ii','area_ii_pic_two','2022-12-07 22:00:53','IU097680'),(497,'img/history/IMG_20221208_083847.jpg','Approved','area_ii','area_ii_pic_three','2022-12-07 22:01:02','IU097680'),(498,'img/history/IMG_20221208_083833.jpg','Approved','area_i','area_i_pic_one','2022-12-07 22:01:43','JA392841'),(499,'img/history/IMG_20221208_083833.jpg','Approved','area_i','area_i_pic_two','2022-12-07 22:01:52','JA392841'),(500,'img/history/IMG_20221208_083833.jpg','Approved','area_i','area_i_pic_three','2022-12-07 22:02:02','JA392841'),(501,'img/history/IMG_20221208_083847.jpg','Approved','area_ii','area_ii_pic_one','2022-12-07 22:02:14','JA392841'),(502,'img/history/IMG_20221208_083833.jpg','Approved','area_i','area_i_pic_four','2022-12-07 22:02:23','JA392841'),(503,'img/history/IMG_20221208_083847.jpg','Approved','area_ii','area_ii_pic_two','2022-12-07 22:02:33','JA392841'),(504,'img/history/IMG_20221208_083833.jpg','Approved','area_i','area_i_pic_one','2022-12-07 22:03:20','OR459800'),(505,'img/history/IMG_20221208_083833.jpg','Approved','area_i','area_i_pic_two','2022-12-07 22:03:28','OR459800'),(506,'img/history/IMG_20221208_083833.jpg','Approved','area_i','area_i_pic_three','2022-12-07 22:03:37','OR459800'),(507,'img/history/IMG_20221208_083833.jpg','Approved','area_i','area_i_pic_four','2022-12-07 22:03:51','OR459800'),(508,'img/history/IMG_20221208_083847.jpg','Approved','area_ii','area_ii_pic_one','2022-12-07 22:04:00','OR459800'),(509,'img/history/IMG_20221208_083847.jpg','Approved','area_ii','area_ii_pic_two','2022-12-07 22:04:10','OR459800'),(510,'img/history/IMG_20221208_083833.jpg','Approved','area_i','area_i_pic_one','2022-12-07 22:04:53','OR567839'),(511,'img/history/IMG_20221208_083833.jpg','Approved','area_i','area_i_pic_two','2022-12-07 22:05:03','OR567839'),(512,'img/history/IMG_20221208_083833.jpg','Approved','area_i','area_i_pic_three','2022-12-07 22:05:13','OR567839'),(513,'img/history/IMG_20221208_083847.jpg','Approved','area_i','area_i_pic_four','2022-12-07 22:05:24','OR567839'),(514,'img/history/IMG_20221208_083847.jpg','Approved','area_ii','area_ii_pic_one','2022-12-07 22:05:34','OR567839'),(515,'img/history/IMG_20221208_083833.jpg','Approved','area_ii','area_ii_pic_one','2022-12-07 22:09:57','OR654311'),(516,'img/history/IMG_20221208_083833.jpg','Approved','area_i','area_i_pic_one','2022-12-07 22:10:10','OR654311'),(517,'img/history/IMG_20221208_083833.jpg','Approved','area_i','area_i_pic_two','2022-12-07 22:10:29','OR654311'),(518,'img/history/IMG_20221208_083833.jpg','Approved','area_i','area_i_pic_three','2022-12-07 22:10:39','OR654311'),(519,'img/history/IMG_20221208_083833.jpg','Approved','area_i','area_i_pic_four','2022-12-07 22:10:50','OR654311'),(520,'img/history/IMG_20221208_083833.jpg','Approved','area_ii','area_ii_pic_two','2022-12-07 22:11:08','OR654311'),(521,'img/history/IMG_20221208_083833.jpg','Approved','area_i','area_i_pic_one','2022-12-07 22:12:12','OR658743'),(522,'img/history/IMG_20221208_083833.jpg','Approved','area_i','area_i_pic_two','2022-12-07 22:12:22','OR658743'),(523,'img/history/IMG_20221208_083833.jpg','Approved','area_i','area_i_pic_three','2022-12-07 22:12:33','OR658743'),(524,'img/history/IMG_20221208_083833.jpg','Approved','area_i','area_i_pic_four','2022-12-07 22:12:47','OR658743'),(525,'img/history/IMG_20221208_083847.jpg','Approved','area_ii','area_ii_pic_one','2022-12-07 22:12:59','OR658743'),(526,'img/history/IMG_20221208_083833.jpg','Approved','area_i','area_i_pic_one','2022-12-07 22:13:53','OR760998'),(527,'img/history/IMG_20221208_083833.jpg','Approved','area_i','area_i_pic_two','2022-12-07 22:14:04','OR760998'),(528,'img/history/IMG_20221208_083833.jpg','Approved','area_i','area_i_pic_three','2022-12-07 22:14:13','OR760998'),(529,'img/history/IMG_20221208_083833.jpg','Approved','area_i','area_i_pic_four','2022-12-07 22:14:29','OR760998'),(530,'img/history/IMG_20221208_083847.jpg','Approved','area_ii','area_ii_pic_one','2022-12-07 22:14:39','OR760998'),(531,'img/history/IMG_20221208_083847.jpg','Approved','area_ii','area_ii_pic_two','2022-12-07 22:14:48','OR760998'),(532,'img/history/IMG_20221208_083833.jpg','Approved','area_i','area_i_pic_one','2022-12-07 22:15:48','QQ123134'),(533,'img/history/IMG_20221208_083833.jpg','Approved','area_i','area_i_pic_two','2022-12-07 22:15:57','QQ123134'),(534,'img/history/IMG_20221208_083833.jpg','Approved','area_i','area_i_pic_three','2022-12-07 22:16:10','QQ123134'),(535,'img/history/IMG_20221208_083833.jpg','Approved','area_i','area_i_pic_four','2022-12-07 22:16:22','QQ123134'),(536,'img/history/IMG_20221208_083833.jpg','Approved','area_ii','area_ii_pic_one','2022-12-07 22:16:39','QQ123134'),(537,'img/history/IMG_20221208_083847.jpg','Approved','area_ii','area_ii_pic_two','2022-12-07 22:16:51','QQ123134'),(538,'img/history/IMG_20221208_083833.jpg','Approved','area_i','area_i_pic_one','2022-12-07 22:18:33','RE439807'),(539,'img/history/IMG_20221208_083833.jpg','Approved','area_i','area_i_pic_two','2022-12-07 22:18:45','RE439807'),(540,'img/history/IMG_20221208_083833.jpg','Approved','area_i','area_i_pic_three','2022-12-07 22:18:54','RE439807'),(541,'img/history/IMG_20221208_083833.jpg','Approved','area_i','area_i_pic_four','2022-12-07 22:19:04','RE439807'),(542,'img/history/IMG_20221208_083847.jpg','Approved','area_ii','area_ii_pic_two','2022-12-07 22:19:23','RE439807'),(543,'img/history/IMG_20221208_083833.jpg','Approved','area_i','area_i_pic_one','2022-12-07 22:20:06','SD678009'),(544,'img/history/IMG_20221208_083833.jpg','Approved','area_i','area_i_pic_two','2022-12-07 22:21:01','SD678009'),(545,'img/history/IMG_20221208_083833.jpg','Approved','area_i','area_i_pic_three','2022-12-07 22:21:16','SD678009'),(546,'img/history/IMG_20221208_083833.jpg','Approved','area_i','area_i_pic_four','2022-12-07 22:21:44','SD678009'),(547,'img/history/IMG_20221208_083833.jpg','Approved','area_i','area_i_pic_one','2022-12-07 22:22:54','RW978658'),(548,'img/history/IMG_20221208_083833.jpg','Approved','area_i','area_i_pic_two','2022-12-07 22:23:08','RW978658'),(549,'img/history/IMG_20221208_083833.jpg','Approved','area_i','area_i_pic_three','2022-12-07 22:23:18','RW978658'),(550,'img/history/IMG_20221208_083833.jpg','Approved','area_i','area_i_pic_four','2022-12-07 22:23:28','RW978658'),(551,'img/history/IMG_20221208_083847.jpg','Approved','area_ii','area_ii_pic_one','2022-12-07 22:23:38','RW978658'),(552,'img/history/IMG_20221208_083847.jpg','Approved','area_ii','area_ii_pic_two','2022-12-07 22:23:51','RW978658'),(553,'img/history/IMG_20221208_083833.jpg','Approved','area_i','area_i_pic_one','2022-12-07 22:24:55','RT680770'),(554,'img/history/IMG_20221208_083833.jpg','Approved','area_i','area_i_pic_two','2022-12-07 22:25:08','RT680770'),(555,'img/history/IMG_20221208_083833.jpg','Approved','area_i','area_i_pic_three','2022-12-07 22:25:20','RT680770'),(556,'img/history/IMG_20221208_083833.jpg','Approved','area_i','area_i_pic_four','2022-12-07 22:25:36','RT680770'),(557,'img/history/IMG_20221208_083847.jpg','Approved','area_ii','area_ii_pic_one','2022-12-07 22:25:45','RT680770'),(558,'img/history/IMG_20221208_083847.jpg','Approved','area_ii','area_ii_pic_two','2022-12-07 22:25:56','RT680770'),(559,'img/history/IMG_20221208_083833.jpg','Approved','area_i','area_i_pic_one','2022-12-07 22:27:02','RT5687990'),(560,'img/history/IMG_20221208_083833.jpg','Approved','area_i','area_i_pic_two','2022-12-07 22:27:12','RT5687990'),(561,'img/history/IMG_20221208_083833.jpg','Approved','area_i','area_i_pic_three','2022-12-07 22:27:22','RT5687990'),(562,'img/history/IMG_20221208_083847.jpg','Approved','area_i','area_i_pic_four','2022-12-07 22:27:38','RT5687990'),(563,'img/history/IMG_20221208_083833.jpg','Approved','area_ii','area_ii_pic_one','2022-12-07 22:27:54','RT5687990'),(564,'img/history/IMG_20221208_083847.jpg','Approved','area_ii','area_ii_pic_two','2022-12-07 22:28:23','RT5687990'),(565,'img/history/IMG_20221208_083847.jpg','Approved','area_i','area_i_pic_one','2022-12-07 22:29:06','RT657809'),(566,'img/history/IMG_20221208_083833.jpg','Approved','area_i','area_i_pic_two','2022-12-07 22:29:18','RT657809'),(567,'img/history/IMG_20221208_083833.jpg','Approved','area_i','area_i_pic_three','2022-12-07 22:29:35','RT657809'),(568,'img/history/IMG_20221208_083847.jpg','Approved','area_i','area_i_pic_four','2022-12-07 22:30:00','RT657809'),(569,'img/history/IMG_20221208_083847.jpg','Approved','area_ii','area_ii_pic_two','2022-12-07 22:30:14','RT657809'),(570,'img/history/IMG_20221208_083833.jpg','Approved','area_i','area_i_pic_one','2022-12-07 22:31:10','RT5676890'),(571,'img/history/IMG_20221208_083833.jpg','Approved','area_i','area_i_pic_two','2022-12-07 22:31:18','RT5676890'),(572,'img/history/IMG_20221208_083833.jpg','Approved','area_i','area_i_pic_three','2022-12-07 22:31:35','RT5676890'),(573,'img/history/IMG_20221208_083833.jpg','Approved','area_i','area_i_pic_four','2022-12-07 22:31:49','RT5676890'),(574,'img/history/IMG_20221208_083847.jpg','Approved','area_ii','area_ii_pic_one','2022-12-07 22:31:58','RT5676890'),(575,'img/history/IMG_20221208_083833.jpg','Approved','area_i','area_i_pic_one','2022-12-07 22:32:45','uy870760'),(576,'img/history/IMG_20221208_083833.jpg','Approved','area_i','area_i_pic_two','2022-12-07 22:32:56','uy870760'),(577,'img/history/IMG_20221208_083833.jpg','Approved','area_i','area_i_pic_three','2022-12-07 22:33:07','uy870760'),(578,'img/history/IMG_20221208_083833.jpg','Approved','area_i','area_i_pic_four','2022-12-07 22:33:21','uy870760'),(579,'img/history/IMG_20221208_083847.jpg','Approved','area_ii','area_ii_pic_one','2022-12-07 22:33:34','uy870760'),(580,'img/history/IMG_20221208_083847.jpg','Approved','area_ii','area_ii_pic_two','2022-12-07 22:33:45','uy870760'),(581,'img/history/IMG_20221208_083833.jpg','Approved','area_i','area_i_pic_one','2022-12-07 22:34:44','UY870706'),(582,'img/history/IMG_20221208_083833.jpg','Approved','area_i','area_i_pic_two','2022-12-07 22:34:59','UY870706'),(583,'img/history/IMG_20221208_083833.jpg','Approved','area_i','area_i_pic_three','2022-12-07 22:35:09','UY870706'),(584,'img/history/IMG_20221208_083847.jpg','Approved','area_ii','area_ii_pic_two','2022-12-07 22:35:19','UY870706'),(585,'img/history/IMG_20221208_083833.jpg','Approved','area_i','area_i_pic_four','2022-12-07 22:35:54','UY870706'),(586,'img/history/IMG_20221208_083833.jpg','Approved','area_i','area_i_pic_one','2022-12-07 22:36:58','UY789007'),(587,'img/history/IMG_20221208_083833.jpg','Approved','area_i','area_i_pic_two','2022-12-07 22:37:09','UY789007'),(588,'img/history/IMG_20221208_083833.jpg','Approved','area_i','area_i_pic_three','2022-12-07 22:37:20','UY789007'),(589,'img/history/IMG_20221208_083833.jpg','Approved','area_i','area_i_pic_four','2022-12-07 22:37:32','UY789007'),(590,'img/history/IMG_20221208_083847.jpg','Approved','area_ii','area_ii_pic_one','2022-12-07 22:37:47','UY789007'),(591,'img/history/IMG_20221208_083833.jpg','Rejected','area_i','area_i_pic_one','2022-12-07 23:34:25','UA314901'),(592,'img/history/IMG_20221208_083833.jpg','Approved','area_i','area_i_pic_two','2022-12-07 23:34:33','UA314901'),(593,'img/history/IMG_20221208_083833.jpg','Approved','area_i','area_i_pic_three','2022-12-07 23:34:46','UA314901'),(594,'img/history/IMG_20221208_083833.jpg','Rejected','area_i','area_i_pic_four','2022-12-07 23:34:59','UA314901'),(595,'img/history/IMG_20221208_083847.jpg','Approved','area_ii','area_ii_pic_one','2022-12-07 23:35:15','UA314901'),(596,'img/history/IMG_20221208_083847.jpg','Approved','area_ii','area_ii_pic_two','2022-12-07 23:35:24','UA314901'),(597,'img/history/IMG_20221208_083833.jpg','Approved','area_i','area_i_pic_three','2022-12-07 23:36:26','TY585907'),(598,'img/history/IMG_20221208_083833.jpg','Approved','area_i','area_i_pic_one','2022-12-07 23:37:06','TY707870'),(599,'img/history/IMG_20221208_083833.jpg','Approved','area_i','area_i_pic_two','2022-12-07 23:37:20','TY707870'),(600,'img/history/IMG_20221208_083833.jpg','Approved','area_i','area_i_pic_three','2022-12-07 23:37:31','TY707870'),(601,'img/history/IMG_20221208_083833.jpg','Approved','area_i','area_i_pic_four','2022-12-07 23:37:42','TY707870'),(602,'img/history/IMG_20221208_083833.jpg','Approved','area_ii','area_ii_pic_two','2022-12-07 23:37:52','TY707870'),(603,'img/history/IMG_20221208_083847.jpg','Approved','area_ii','area_ii_pic_one','2022-12-07 23:38:03','TY707870'),(604,'img/history/IMG_20221208_083833.jpg','Approved','area_i','area_i_pic_one','2022-12-07 23:38:45','TW427579'),(605,'img/history/IMG_20221208_083833.jpg','Approved','area_i','area_i_pic_two','2022-12-07 23:38:55','TW427579'),(606,'img/history/IMG_20221208_083833.jpg','Approved','area_i','area_i_pic_three','2022-12-07 23:39:11','TW427579'),(607,'img/history/IMG_20221208_083833.jpg','Approved','area_i','area_i_pic_four','2022-12-07 23:39:21','TW427579'),(608,'img/history/IMG_20221208_083847.jpg','Approved','area_ii','area_ii_pic_two','2022-12-07 23:39:30','TW427579'),(609,'img/history/IMG_20221208_083847.jpg','Approved','area_ii','area_ii_pic_one','2022-12-07 23:39:45','TW427579'),(610,'img/history/IMG_20221208_083847.jpg','Approved','area_i','area_i_pic_one','2022-12-07 23:40:47','TRT05059'),(611,'img/history/IMG_20221208_083833.jpg','Approved','area_i','area_i_pic_two','2022-12-07 23:40:56','TRT05059'),(612,'img/history/IMG_20221208_083833.jpg','Approved','area_i','area_i_pic_three','2022-12-07 23:41:06','TRT05059'),(613,'img/history/IMG_20221208_083833.jpg','Approved','area_i','area_i_pic_four','2022-12-07 23:41:18','TRT05059'),(614,'img/history/IMG_20221208_083847.jpg','Approved','area_ii','area_ii_pic_two','2022-12-07 23:41:28','TRT05059'),(615,'img/history/IMG_20221208_083847.jpg','Approved','area_ii','area_ii_pic_one','2022-12-07 23:41:38','TRT05059'),(616,'img/history/IMG_20221208_083833.jpg','Approved','area_i','area_i_pic_one','2022-12-07 23:42:35','TR769805'),(617,'img/history/IMG_20221208_083833.jpg','Approved','area_i','area_i_pic_two','2022-12-07 23:42:44','TR769805'),(618,'img/history/IMG_20221208_083833.jpg','Approved','area_i','area_i_pic_three','2022-12-07 23:42:55','TR769805'),(619,'img/history/IMG_20221208_083833.jpg','Approved','area_i','area_i_pic_four','2022-12-07 23:43:10','TR769805'),(620,'img/history/IMG_20221208_083847.jpg','Approved','area_ii','area_ii_pic_one','2022-12-07 23:46:12','TR769805'),(621,'img/history/IMG_20221208_083847.jpg','Approved','area_ii','area_ii_pic_two','2022-12-07 23:46:25','TR769805'),(622,'img/history/IMG_20221208_083833.jpg','Approved','area_i','area_i_pic_one','2022-12-07 23:50:21','TR587095'),(623,'img/history/IMG_20221208_083833.jpg','Approved','area_i','area_i_pic_two','2022-12-07 23:50:33','TR587095'),(624,'img/history/IMG_20221208_083833.jpg','Approved','area_i','area_i_pic_three','2022-12-07 23:50:43','TR587095'),(625,'img/history/IMG_20221208_083833.jpg','Approved','area_i','area_i_pic_four','2022-12-08 00:16:17','TR587095'),(626,'img/history/IMG_20221208_083847.jpg','Approved','area_ii','area_ii_pic_one','2022-12-08 00:16:34','TR587095'),(627,'img/history/IMG_20221208_083847.jpg','Approved','area_ii','area_ii_pic_two','2022-12-08 00:16:44','TR587095'),(628,'img/history/IMG_20221208_083833.jpg','Rejected','area_i','area_i_pic_one','2022-12-08 00:17:31','YT787070'),(629,'img/history/IMG_20221208_083833.jpg','Rejected','area_i','area_i_pic_two','2022-12-08 00:17:40','YT787070'),(630,'img/history/IMG_20221208_083833.jpg','Approved','area_i','area_i_pic_three','2022-12-08 00:17:52','YT787070'),(631,'img/history/IMG_20221208_083833.jpg','Approved','area_i','area_i_pic_four','2022-12-08 00:18:03','YT787070'),(632,'img/history/IMG_20221208_083847.jpg','Rejected','area_ii','area_ii_pic_two','2022-12-08 00:18:12','YT787070'),(633,'img/history/IMG_20221208_083847.jpg','Approved','area_ii','area_ii_pic_one','2022-12-08 00:18:23','YT787070'),(634,'img/history/IMG_20221208_083833.jpg','Approved','area_i','area_i_pic_one','2022-12-08 00:19:20','YT769800'),(635,'img/history/IMG_20221208_083833.jpg','Approved','area_i','area_i_pic_two','2022-12-08 00:19:28','YT769800'),(636,'img/history/IMG_20221208_083833.jpg','Approved','area_i','area_i_pic_three','2022-12-08 00:19:38','YT769800'),(637,'img/history/IMG_20221208_083833.jpg','Approved','area_i','area_i_pic_four','2022-12-08 00:19:50','YT769800'),(638,'img/history/IMG_20221208_083847.jpg','Approved','area_ii','area_ii_pic_two','2022-12-08 00:20:00','YT769800'),(639,'img/history/IMG_20221208_083847.jpg','Approved','area_ii','area_ii_pic_one','2022-12-08 00:20:08','YT769800'),(640,'img/history/IMG_20221208_083833.jpg','Approved','area_i','area_i_pic_one','2022-12-08 00:21:00','YT768976'),(641,'img/history/IMG_20221208_083833.jpg','Approved','area_i','area_i_pic_two','2022-12-08 00:21:10','YT768976'),(642,'img/history/IMG_20221208_083833.jpg','Approved','area_i','area_i_pic_three','2022-12-08 00:21:21','YT768976'),(643,'img/history/IMG_20221208_083833.jpg','Approved','area_i','area_i_pic_four','2022-12-08 00:21:35','YT768976'),(644,'img/history/IMG_20221208_083847.jpg','Approved','area_ii','area_ii_pic_two','2022-12-08 00:21:46','YT768976'),(645,'img/history/IMG_20221208_083847.jpg','Approved','area_ii','area_ii_pic_one','2022-12-08 00:21:56','YT768976'),(646,'img/history/IMG_20221208_083833.jpg','Approved','area_i','area_i_pic_one','2022-12-08 00:22:51','YE769854'),(647,'img/history/IMG_20221208_083833.jpg','Approved','area_i','area_i_pic_two','2022-12-08 00:23:00','YE769854'),(648,'img/history/IMG_20221208_083833.jpg','Approved','area_i','area_i_pic_three','2022-12-08 00:23:09','YE769854'),(649,'img/history/IMG_20221208_083833.jpg','Approved','area_i','area_i_pic_four','2022-12-08 00:23:22','YE769854'),(650,'img/history/IMG_20221208_083847.jpg','Approved','area_ii','area_ii_pic_one','2022-12-08 00:23:36','YE769854'),(651,'img/history/IMG_20221208_083847.jpg','Approved','area_ii','area_ii_pic_two','2022-12-08 00:23:45','YE769854'),(652,'img/history/IMG_20221208_083833.jpg','Approved','area_i','area_i_pic_one','2022-12-08 00:24:28','XB369600'),(653,'img/history/IMG_20221208_083833.jpg','Approved','area_i','area_i_pic_two','2022-12-08 00:24:37','XB369600'),(654,'img/history/IMG_20221208_083833.jpg','Approved','area_i','area_i_pic_three','2022-12-08 00:24:46','XB369600'),(655,'img/history/IMG_20221208_083833.jpg','Approved','area_i','area_i_pic_four','2022-12-08 00:24:57','XB369600'),(656,'img/history/IMG_20221208_083847.jpg','Approved','area_ii','area_ii_pic_one','2022-12-08 00:25:07','XB369600'),(657,'img/history/IMG_20221208_083847.jpg','Approved','area_ii','area_ii_pic_two','2022-12-08 00:25:16','XB369600'),(658,'img/history/IMG_20221208_083833.jpg','Approved','area_i','area_i_pic_one','2022-12-08 00:25:58','WW324111'),(659,'img/history/IMG_20221208_083833.jpg','Approved','area_i','area_i_pic_two','2022-12-08 00:26:07','WW324111'),(660,'img/history/IMG_20221208_083833.jpg','Approved','area_i','area_i_pic_three','2022-12-08 00:26:18','WW324111'),(661,'img/history/IMG_20221208_083847.jpg','Approved','area_i','area_i_pic_four','2022-12-08 00:26:28','WW324111'),(662,'img/history/IMG_20221208_083847.jpg','Approved','area_ii','area_ii_pic_two','2022-12-08 00:26:37','WW324111'),(663,'img/history/IMG_20221208_083847.jpg','Approved','area_ii','area_ii_pic_one','2022-12-08 00:26:46','WW324111'),(664,'img/history/IMG_20221208_083847.jpg','Approved','area_i','area_i_pic_four','2022-12-08 00:28:04','WW123131'),(665,'img/history/IMG_20221208_083833.jpg','Approved','area_i','area_i_pic_two','2022-12-08 00:28:13','WW123131'),(666,'img/history/IMG_20221208_083833.jpg','Approved','area_i','area_i_pic_one','2022-12-08 00:28:52','WE436587'),(667,'img/history/IMG_20221208_083833.jpg','Approved','area_i','area_i_pic_two','2022-12-08 00:29:01','WE436587'),(668,'img/history/IMG_20221208_083833.jpg','Approved','area_i','area_i_pic_three','2022-12-08 00:29:11','WE436587'),(669,'img/history/IMG_20221208_083833.jpg','Approved','area_i','area_i_pic_four','2022-12-08 00:29:22','WE436587'),(670,'img/history/IMG_20221208_083847.jpg','Approved','area_ii','area_ii_pic_one','2022-12-08 00:29:32','WE436587'),(671,'img/history/IMG_20221208_083847.jpg','Approved','area_ii','area_ii_pic_two','2022-12-08 00:29:41','WE436587'),(672,'img/history/IMG_20221208_083833.jpg','Approved','area_i','area_i_pic_one','2022-12-08 00:30:26','WE238790'),(673,'img/history/IMG_20221208_083833.jpg','Approved','area_i','area_i_pic_two','2022-12-08 00:30:35','WE238790'),(674,'img/history/IMG_20221208_083833.jpg','Approved','area_i','area_i_pic_three','2022-12-08 00:30:44','WE238790'),(675,'img/history/IMG_20221208_083833.jpg','Approved','area_i','area_i_pic_four','2022-12-08 00:30:54','WE238790'),(676,'img/history/IMG_20221208_083847.jpg','Approved','area_ii','area_ii_pic_one','2022-12-08 00:31:03','WE238790'),(677,'img/history/IMG_20221208_083847.jpg','Approved','area_ii','area_ii_pic_two','2022-12-08 00:31:12','WE238790'),(678,'img/history/IMG_20221208_083833.jpg','Approved','area_i','area_i_pic_one','2022-12-08 00:32:18','VZ758533'),(679,'img/history/IMG_20221208_083833.jpg','Approved','area_i','area_i_pic_two','2022-12-08 00:32:26','VZ758533'),(680,'img/history/IMG_20221208_083833.jpg','Approved','area_i','area_i_pic_three','2022-12-08 00:32:36','VZ758533'),(681,'img/history/IMG_20221208_083833.jpg','Approved','area_i','area_i_pic_four','2022-12-08 00:32:47','VZ758533'),(682,'img/history/IMG_20221208_083847.jpg','Approved','area_ii','area_ii_pic_one','2022-12-08 00:32:56','VZ758533'),(683,'img/history/IMG_20221208_083847.jpg','Approved','area_ii','area_ii_pic_two','2022-12-08 00:33:05','VZ758533'),(684,'img/history/IMG_20221208_083833.jpg','Approved','area_i','area_i_pic_one','2022-12-08 00:33:49','YT870908'),(685,'img/history/IMG_20221208_083833.jpg','Approved','area_i','area_i_pic_two','2022-12-08 00:33:57','YT870908'),(686,'img/history/IMG_20221208_083847.jpg','Approved','area_ii','area_ii_pic_two','2022-12-08 00:34:11','YT870908'),(687,'img/history/IMG_20221208_083833.jpg','Approved','area_i','area_i_pic_three','2022-12-08 00:34:19','YT870908'),(688,'img/history/IMG_20221208_083847.jpg','Approved','area_i','area_i_pic_four','2022-12-08 00:34:34','YT870908'),(689,'img/history/IMG_20221208_083833.jpg','Approved','area_i','area_i_pic_one','2022-12-08 00:35:13','YU780946'),(690,'img/history/IMG_20221208_083833.jpg','Approved','area_i','area_i_pic_two','2022-12-08 00:35:23','YU780946'),(691,'img/history/IMG_20221208_083833.jpg','Approved','area_i','area_i_pic_three','2022-12-08 00:35:32','YU780946'),(692,'img/history/IMG_20221208_083833.jpg','Approved','area_i','area_i_pic_four','2022-12-08 00:35:44','YU780946'),(693,'img/history/IMG_20221208_083847.jpg','Approved','area_ii','area_ii_pic_one','2022-12-08 00:35:53','YU780946'),(694,'img/history/IMG_20221208_083847.jpg','Approved','area_ii','area_ii_pic_two','2022-12-08 00:36:06','YU780946'),(695,'img/history/IMG_20221208_083847.jpg','Approved','area_ii','area_ii_pic_three','2022-12-08 00:36:15','YU780946'),(696,'img/history/IMG_20221208_083833.jpg','Approved','area_i','area_i_pic_one','2022-12-08 00:37:03','YU787079'),(697,'img/history/IMG_20221208_083833.jpg','Approved','area_i','area_i_pic_two','2022-12-08 00:37:12','YU787079'),(698,'img/history/IMG_20221208_083833.jpg','Approved','area_i','area_i_pic_three','2022-12-08 00:37:21','YU787079'),(699,'img/history/IMG_20221208_083833.jpg','Approved','area_i','area_i_pic_four','2022-12-08 00:37:31','YU787079'),(700,'img/history/IMG_20221208_083847.jpg','Approved','area_ii','area_ii_pic_one','2022-12-08 00:37:40','YU787079'),(701,'img/history/IMG_20221208_083847.jpg','Approved','area_ii','area_ii_pic_two','2022-12-08 00:37:49','YU787079'),(702,'img/history/IMG_20221208_083847.jpg','Approved','area_ii','area_ii_pic_three','2022-12-08 00:38:00','YU787079'),(703,'img/history/IMG_20221208_083847.jpg','Approved','area_ii','area_ii_pic_four','2022-12-08 00:38:11','YU787079'),(704,'img/history/IMG_20221208_083847.jpg','Approved','area_iii','area_iii_pic_one','2022-12-08 00:38:21','YU787079'),(705,'img/history/IMG_20221208_083833.jpg','Approved','area_i','area_i_pic_one','2022-12-08 01:04:06','FD769023'),(706,'img/history/IMG_20221208_083833.jpg','Approved','area_i','area_i_pic_two','2022-12-08 01:04:15','FD769023'),(707,'img/history/IMG_20221208_083833.jpg','Approved','area_i','area_i_pic_one','2022-12-08 01:04:56','RT768909'),(708,'img/history/IMG_20221208_083833.jpg','Approved','area_i','area_i_pic_one','2022-12-08 01:11:04','FD658700'),(709,'img/history/IMG_20221208_083833.jpg','Approved','area_i','area_i_pic_two','2022-12-08 01:11:13','FD658700'),(710,'img/history/IMG_20221208_083833.jpg','Approved','area_i','area_i_pic_three','2022-12-08 01:11:25','FD658700'),(711,'img/history/IMG_20221208_083833.jpg','Approved','area_i','area_i_pic_one','2022-12-08 01:12:24','ER467970'),(712,'img/history/IMG_20221208_083833.jpg','Approved','area_i','area_i_pic_two','2022-12-08 01:12:33','ER467970'),(713,'img/history/IMG_20221208_083833.jpg','Approved','area_i','area_i_pic_three','2022-12-08 01:12:42','ER467970'),(714,'img/history/IMG_20221208_083833.jpg','Approved','area_i','area_i_pic_one','2022-12-08 01:14:23','GH0876970'),(715,'img/history/IMG_20221208_083833.jpg','Approved','area_i','area_i_pic_two','2022-12-08 01:14:31','GH0876970'),(716,'img/history/IMG_20221208_083847.jpg','Approved','area_i','area_i_pic_one','2022-12-08 01:15:49','ER454647'),(717,'img/history/IMG_20221208_083833.jpg','Approved','area_i','area_i_pic_two','2022-12-08 01:15:57','ER454647'),(718,'img/history/IMG_20221208_083833.jpg','Approved','area_i','area_i_pic_three','2022-12-08 01:16:08','ER454647'),(719,'img/history/IMG_20221208_083833.jpg','Approved','area_i','area_i_pic_four','2022-12-08 01:16:19','ER454647'),(720,'img/history/IMG_20221208_083847.jpg','Approved','area_ii','area_ii_pic_two','2022-12-08 01:16:28','ER454647'),(721,'img/history/IMG_20221208_083847.jpg','Approved','area_ii','area_ii_pic_one','2022-12-08 01:16:42','ER454647'),(722,'img/history/IMG_20221208_083847.jpg','Approved','area_ii','area_ii_pic_three','2022-12-08 01:16:51','ER454647'),(723,'img/history/IMG_20221208_083833.jpg','Approved','area_i','area_i_pic_one','2022-12-08 01:17:51','RE436590'),(724,'img/history/IMG_20221208_083833.jpg','Approved','area_i','area_i_pic_two','2022-12-08 01:17:59','RE436590'),(725,'img/history/IMG_20221208_083833.jpg','Approved','area_i','area_i_pic_three','2022-12-08 01:18:09','RE436590'),(726,'img/history/IMG_20221208_083833.jpg','Approved','area_i','area_i_pic_four','2022-12-08 01:18:22','RE436590'),(727,'img/history/IMG_20221208_083847.jpg','Approved','area_ii','area_ii_pic_one','2022-12-08 01:18:31','RE436590'),(728,'img/history/IMG_20221208_083847.jpg','Approved','area_ii','area_ii_pic_two','2022-12-08 01:18:43','RE436590'),(729,'img/history/IMG_20221208_083833.jpg','Approved','area_i','area_i_pic_one','2022-12-08 01:19:22','OI098707'),(730,'img/history/IMG_20221208_083833.jpg','Approved','area_i','area_i_pic_two','2022-12-08 01:19:31','OI098707'),(731,'img/history/IMG_20221208_083833.jpg','Approved','area_i','area_i_pic_three','2022-12-08 01:19:41','OI098707'),(732,'img/history/images (19).jpeg','Approved','area_ii','area_ii_pic_two','2022-12-08 02:29:59','FG780700'),(733,'img/history/IMG_20221208_083847.jpg','Approved','area_ii','area_ii_pic_two','2022-12-08 04:44:25','ET707870'),(734,'img/history/IMG_20221208_083847.jpg','Approved','area_ii','area_ii_pic_three','2022-12-08 04:44:35','ET707870'),(735,'img/history/IMG_20221208_083847.jpg','Approved','area_ii','area_ii_pic_four','2022-12-08 04:44:50','ET707870'),(736,'img/history/wig strap.jpg','Approved','area_iii','area_iii_pic_one','2022-12-08 04:45:04','ET707870'),(737,'img/history/IMG_20221208_174535.jpg','Approved','area_iii','area_iii_pic_two','2022-12-08 04:46:44','ET707870'),(738,'img/history/IMG_20221208_174535.jpg','Approved','area_iii','area_iii_pic_three','2022-12-08 04:46:57','ET707870'),(739,'img/history/IMG_20221208_174535.jpg','Approved','area_iii','area_iii_pic_four','2022-12-08 04:47:09','ET707870'),(740,'img/history/IMG_20221208_174553.jpg','Approved','area_iv','area_iv_pic_one','2022-12-08 04:47:18','ET707870'),(741,'img/history/IMG_20221208_174553.jpg','Approved','area_iv','area_iv_pic_two','2022-12-08 04:47:28','ET707870'),(742,'img/history/IMG_20221208_174553.jpg','Approved','area_iv','area_iv_pic_three','2022-12-08 04:47:37','ET707870'),(743,'img/history/IMG_20221208_174625.jpg','Approved','area_iv','area_iv_pic_four','2022-12-08 04:47:47','ET707870'),(744,'img/history/IMG_20221208_083847.jpg','Approved','area_ii','area_ii_pic_two','2022-12-08 04:48:34','FD346512'),(745,'img/history/IMG_20221208_083847.jpg','Approved','area_ii','area_ii_pic_three','2022-12-08 04:48:46','FD346512'),(746,'img/history/IMG_20221208_083847.jpg','Approved','area_ii','area_ii_pic_four','2022-12-08 04:48:59','FD346512'),(747,'img/history/IMG_20221208_174535.jpg','Approved','area_iii','area_iii_pic_one','2022-12-08 04:49:12','FD346512'),(748,'img/history/IMG_20221208_174535.jpg','Approved','area_iii','area_iii_pic_two','2022-12-08 04:49:27','FD346512'),(749,'img/history/IMG_20221208_174535.jpg','Approved','area_iii','area_iii_pic_three','2022-12-08 04:49:36','FD346512'),(750,'img/history/IMG_20221208_174535.jpg','Approved','area_iii','area_iii_pic_four','2022-12-08 04:49:48','FD346512'),(751,'img/history/IMG_20221208_174553.jpg','Approved','area_iv','area_iv_pic_one','2022-12-08 04:49:57','FD346512'),(752,'img/history/IMG_20221208_174553.jpg','Approved','area_iv','area_iv_pic_two','2022-12-08 04:50:06','FD346512'),(753,'img/history/IMG_20221208_174553.jpg','Approved','area_iv','area_iv_pic_three','2022-12-08 04:50:16','FD346512'),(754,'img/history/IMG_20221208_174625.jpg','Approved','area_iv','area_iv_pic_four','2022-12-08 04:50:27','FD346512'),(755,'img/history/IMG_20221208_174535.jpg','Approved','area_ii','area_ii_pic_three','2022-12-08 04:52:04','FG780760'),(756,'img/history/IMG_20221208_083847.jpg','Approved','area_ii','area_ii_pic_four','2022-12-08 04:52:17','FG780760'),(757,'img/history/IMG_20221208_174535.jpg','Approved','area_iii','area_iii_pic_one','2022-12-08 04:52:34','FG780760'),(758,'img/history/IMG_20221208_174535.jpg','Approved','area_iii','area_iii_pic_two','2022-12-08 04:52:44','FG780760'),(759,'img/history/IMG_20221208_174535.jpg','Approved','area_iii','area_iii_pic_three','2022-12-08 04:53:00','FG780760'),(760,'img/history/IMG_20221208_174535.jpg','Approved','area_iii','area_iii_pic_four','2022-12-08 04:53:16','FG780760'),(761,'img/history/IMG_20221208_174553.jpg','Approved','area_iv','area_iv_pic_one','2022-12-08 04:53:31','FG780760'),(762,'img/history/IMG_20221208_174553.jpg','Approved','area_iv','area_iv_pic_two','2022-12-08 04:53:42','FG780760'),(763,'img/history/IMG_20221208_174553.jpg','Approved','area_iv','area_iv_pic_three','2022-12-08 04:53:51','FG780760'),(764,'img/history/IMG_20221208_174625.jpg','Approved','area_iv','area_iv_pic_four','2022-12-08 04:54:01','FG780760'),(765,'img/history/IMG_20221208_083847.jpg','Approved','area_ii','area_ii_pic_four','2022-12-08 04:54:58','GF567350'),(766,'img/history/IMG_20221208_174535.jpg','Approved','area_iii','area_iii_pic_one','2022-12-08 04:55:08','GF567350'),(767,'img/history/IMG_20221208_174535.jpg','Approved','area_iii','area_iii_pic_two','2022-12-08 04:55:17','GF567350'),(768,'img/history/IMG_20221208_174535.jpg','Approved','area_iii','area_iii_pic_three','2022-12-08 04:55:27','GF567350'),(769,'img/history/IMG_20221208_174535.jpg','Approved','area_iii','area_iii_pic_four','2022-12-08 04:55:37','GF567350'),(770,'img/history/IMG_20221208_174553.jpg','Approved','area_iv','area_iv_pic_one','2022-12-08 04:55:46','GF567350'),(771,'img/history/IMG_20221208_174553.jpg','Approved','area_iv','area_iv_pic_two','2022-12-08 04:55:59','GF567350'),(772,'img/history/IMG_20221208_174553.jpg','Approved','area_iv','area_iv_pic_three','2022-12-08 04:56:54','GF567350'),(773,'img/history/IMG_20221208_174625.jpg','Approved','area_iv','area_iv_pic_four','2022-12-08 04:57:04','GF567350'),(774,'img/history/IMG_20221208_083847.jpg','Approved','area_ii','area_ii_pic_two','2022-12-08 04:57:46','HG670850'),(775,'img/history/IMG_20221208_083847.jpg','Approved','area_ii','area_ii_pic_three','2022-12-08 04:57:55','HG670850'),(776,'img/history/IMG_20221208_083847.jpg','Approved','area_ii','area_ii_pic_four','2022-12-08 04:58:07','HG670850'),(777,'img/history/IMG_20221208_174535.jpg','Approved','area_iii','area_iii_pic_one','2022-12-08 04:58:18','HG670850'),(778,'img/history/IMG_20221208_174535.jpg','Approved','area_iii','area_iii_pic_two','2022-12-08 04:58:29','HG670850'),(779,'img/history/IMG_20221208_174535.jpg','Approved','area_iii','area_iii_pic_three','2022-12-08 04:58:42','HG670850'),(780,'img/history/IMG_20221208_174535.jpg','Approved','area_iii','area_iii_pic_four','2022-12-08 04:58:59','HG670850'),(781,'img/history/IMG_20221208_174553.jpg','Approved','area_iv','area_iv_pic_one','2022-12-08 04:59:10','HG670850'),(782,'img/history/IMG_20221208_174553.jpg','Approved','area_iv','area_iv_pic_two','2022-12-08 04:59:19','HG670850'),(783,'img/history/IMG_20221208_174553.jpg','Approved','area_iv','area_iv_pic_three','2022-12-08 04:59:28','HG670850'),(784,'img/history/IMG_20221208_174625.jpg','Approved','area_iv','area_iv_pic_four','2022-12-08 04:59:38','HG670850'),(785,'img/history/IMG_20221208_083847.jpg','Approved','area_ii','area_ii_pic_three','2022-12-08 05:00:21','OR459800'),(786,'img/history/IMG_20221208_083847.jpg','Approved','area_ii','area_ii_pic_four','2022-12-08 05:00:31','OR459800'),(787,'img/history/IMG_20221208_174553.jpg','Approved','area_iii','area_iii_pic_one','2022-12-08 05:00:40','OR459800'),(788,'img/history/IMG_20221208_174535.jpg','Approved','area_iii','area_iii_pic_two','2022-12-08 05:00:51','OR459800'),(789,'img/history/IMG_20221208_174535.jpg','Approved','area_iii','area_iii_pic_three','2022-12-08 05:01:00','OR459800'),(790,'img/history/IMG_20221208_174535.jpg','Approved','area_iii','area_iii_pic_four','2022-12-08 05:01:11','OR459800'),(791,'img/history/IMG_20221208_174553.jpg','Approved','area_iv','area_iv_pic_one','2022-12-08 05:01:20','OR459800'),(792,'img/history/IMG_20221208_174553.jpg','Approved','area_iv','area_iv_pic_two','2022-12-08 05:01:30','OR459800'),(793,'img/history/IMG_20221208_174553.jpg','Approved','area_iv','area_iv_pic_three','2022-12-08 05:01:45','OR459800'),(794,'img/history/IMG_20221208_174625.jpg','Approved','area_iv','area_iv_pic_four','2022-12-08 05:01:56','OR459800'),(795,'img/history/IMG_20221208_083847.jpg','Approved','area_ii','area_ii_pic_three','2022-12-08 05:03:13','YE769854'),(796,'img/history/IMG_20221208_083847.jpg','Approved','area_ii','area_ii_pic_four','2022-12-08 05:03:26','YE769854'),(797,'img/history/IMG_20221208_174535.jpg','Approved','area_iii','area_iii_pic_one','2022-12-08 05:03:36','YE769854'),(798,'img/history/IMG_20221208_174535.jpg','Approved','area_iii','area_iii_pic_two','2022-12-08 05:03:45','YE769854'),(799,'img/history/IMG_20221208_174535.jpg','Approved','area_iii','area_iii_pic_three','2022-12-08 05:03:57','YE769854'),(800,'img/history/IMG_20221208_174535.jpg','Approved','area_iii','area_iii_pic_four','2022-12-08 05:04:08','YE769854'),(801,'img/history/IMG_20221208_174553.jpg','Approved','area_iv','area_iv_pic_one','2022-12-08 05:04:21','YE769854'),(802,'img/history/IMG_20221208_174553.jpg','Approved','area_iv','area_iv_pic_two','2022-12-08 05:04:31','YE769854'),(803,'img/history/IMG_20221208_174553.jpg','Approved','area_iv','area_iv_pic_three','2022-12-08 05:04:41','YE769854'),(804,'img/history/IMG_20221208_174625.jpg','Approved','area_iv','area_iv_pic_four','2022-12-08 05:04:52','YE769854'),(805,'img/history/IMG_20221208_174535.jpg','Approved','area_ii','area_ii_pic_three','2022-12-08 05:36:27','OR760998'),(806,'img/history/IMG_20221208_083847.jpg','Approved','area_ii','area_ii_pic_four','2022-12-08 05:37:19','OR760998'),(807,'img/history/IMG_20221208_174535.jpg','Approved','area_iii','area_iii_pic_one','2022-12-08 05:37:34','OR760998'),(808,'img/history/IMG_20221208_174535.jpg','Approved','area_iii','area_iii_pic_two','2022-12-08 05:37:48','OR760998'),(809,'img/history/IMG_20221208_174535.jpg','Approved','area_iii','area_iii_pic_three','2022-12-08 05:37:58','OR760998'),(810,'img/history/IMG_20221208_174535.jpg','Approved','area_iii','area_iii_pic_four','2022-12-08 05:38:09','OR760998'),(811,'img/history/IMG_20221208_174553.jpg','Approved','area_iv','area_iv_pic_one','2022-12-08 05:38:19','OR760998'),(812,'img/history/IMG_20221208_174553.jpg','Approved','area_iv','area_iv_pic_two','2022-12-08 05:38:31','OR760998'),(813,'img/history/IMG_20221208_174553.jpg','Approved','area_iv','area_iv_pic_three','2022-12-08 05:38:44','OR760998'),(814,'img/history/IMG_20221208_174625.jpg','Approved','area_iv','area_iv_pic_four','2022-12-08 05:38:58','OR760998'),(815,'img/history/IMG_20221208_174535.jpg','Approved','area_ii','area_ii_pic_four','2022-12-08 06:24:28','ER454647'),(816,'img/history/images (13).jpeg','Rejected','area_ii','area_ii_pic_one','2022-12-08 13:09:24','EE312356'),(817,'img/history/images (13).jpeg','Approved','area_ii','area_ii_pic_one','2022-12-08 13:13:48','EE312356'),(818,'img/history/IMG_20221208_083847.jpg','Approved','area_ii','area_ii_pic_one','2022-12-08 15:09:45','DK231561'),(819,'img/history/IMG_20221208_174535.jpg','Approved','area_ii','area_ii_pic_two','2022-12-08 15:09:57','DK231561'),(820,'img/history/IMG_20221208_083847.jpg','Approved','area_ii','area_ii_pic_three','2022-12-08 15:10:09','DK231561'),(821,'img/history/IMG_20221208_083847.jpg','Approved','area_ii','area_ii_pic_four','2022-12-08 15:10:21','DK231561'),(822,'img/history/IMG_20221208_174535.jpg','Approved','area_iii','area_iii_pic_one','2022-12-08 15:10:37','DK231561'),(823,'img/history/IMG_20221208_174535.jpg','Approved','area_iii','area_iii_pic_two','2022-12-08 15:10:51','DK231561'),(824,'img/history/IMG_20221208_083847.jpg','Approved','area_ii','area_ii_pic_one','2022-12-08 15:17:10','DS234509'),(825,'img/history/IMG_20221208_174535.jpg','Approved','area_ii','area_ii_pic_three','2022-12-08 15:17:28','DS234509'),(826,'img/history/IMG_20221208_083847.jpg','Approved','area_ii','area_ii_pic_four','2022-12-08 15:17:44','DS234509'),(827,'img/history/IMG_20221208_174535.jpg','Approved','area_iii','area_iii_pic_one','2022-12-08 15:17:59','DS234509'),(828,'img/history/IMG_20221208_174535.jpg','Approved','area_iii','area_iii_pic_two','2022-12-08 15:18:11','DS234509'),(829,'img/history/IMG_20221208_083847.jpg','Approved','area_ii','area_ii_pic_two','2022-12-08 15:23:21','DS547683'),(830,'img/history/IMG_20221208_174535.jpg','Approved','area_ii','area_ii_pic_three','2022-12-08 15:23:35','DS547683'),(831,'img/history/IMG_20221208_174535.jpg','Approved','area_ii','area_ii_pic_four','2022-12-08 15:23:55','DS547683'),(832,'img/history/IMG_20221208_174535.jpg','Approved','area_iii','area_iii_pic_one','2022-12-08 15:24:11','DS547683'),(833,'img/history/IMG_20221208_174553.jpg','Approved','area_iii','area_iii_pic_two','2022-12-08 15:24:22','DS547683'),(834,'img/history/IMG_20221208_174553.jpg','Approved','area_iii','area_iii_pic_three','2022-12-08 15:24:32','DS547683'),(835,'img/history/IMG_20221208_174553.jpg','Approved','area_iii','area_iii_pic_four','2022-12-08 15:24:43','DS547683'),(836,'img/history/IMG_20221208_174535.jpg','Approved','area_ii','area_ii_pic_two','2022-12-08 15:25:29','EE312356'),(837,'img/history/IMG_20221208_083847.jpg','Approved','area_ii','area_ii_pic_three','2022-12-08 15:25:46','EE312356'),(838,'img/history/IMG_20221208_174535.jpg','Approved','area_iii','area_iii_pic_one','2022-12-08 15:26:09','EE312356'),(839,'img/history/IMG_20221208_083847.jpg','Approved','area_ii','area_ii_pic_four','2022-12-08 15:26:22','EE312356'),(840,'img/history/IMG_20221208_083847.jpg','Approved','area_ii','area_ii_pic_one','2022-12-08 15:27:16','EQ537507'),(841,'img/history/IMG_20221208_083847.jpg','Approved','area_ii','area_ii_pic_two','2022-12-08 15:27:27','EQ537507'),(842,'img/history/IMG_20221208_083847.jpg','Approved','area_ii','area_ii_pic_three','2022-12-08 15:27:38','EQ537507'),(843,'img/history/IMG_20221208_083847.jpg','Approved','area_ii','area_ii_pic_four','2022-12-08 15:27:49','EQ537507'),(844,'img/history/IMG_20221208_174553.jpg','Approved','area_iii','area_iii_pic_one','2022-12-08 15:28:00','EQ537507'),(845,'img/history/IMG_20221208_174553.jpg','Approved','area_iii','area_iii_pic_one','2022-12-08 15:28:49','ER454647'),(846,'img/history/IMG_20221208_174553.jpg','Approved','area_iii','area_iii_pic_two','2022-12-08 15:28:59','ER454647'),(847,'img/history/IMG_20221208_083847.jpg','Approved','area_i','area_i_pic_four','2022-12-08 15:29:51','ER467970'),(848,'img/history/IMG_20221208_083847.jpg','Approved','area_ii','area_ii_pic_one','2022-12-08 15:30:01','ER467970'),(849,'img/history/IMG_20221208_083847.jpg','Approved','area_ii','area_ii_pic_two','2022-12-08 15:30:11','ER467970'),(850,'img/history/IMG_20221208_083847.jpg','Approved','area_ii','area_ii_pic_two','2022-12-08 15:30:50','ER679809'),(851,'img/history/IMG_20221208_083847.jpg','Approved','area_ii','area_ii_pic_three','2022-12-08 15:31:02','ER679809'),(852,'img/history/IMG_20221208_083847.jpg','Approved','area_ii','area_ii_pic_four','2022-12-08 15:31:19','ER679809'),(853,'img/history/IMG_20221208_083847.jpg','Approved','area_iii','area_iii_pic_one','2022-12-08 15:31:35','ER679809'),(854,'img/history/IMG_20221208_083847.jpg','Approved','area_ii','area_ii_pic_two','2022-12-08 15:32:21','EW233320'),(855,'img/history/IMG_20221208_083847.jpg','Approved','area_ii','area_ii_pic_three','2022-12-08 15:32:30','EW233320'),(856,'img/history/IMG_20221208_083847.jpg','Approved','area_ii','area_ii_pic_four','2022-12-08 15:32:42','EW233320'),(857,'img/history/IMG_20221208_174553.jpg','Approved','area_ii','area_ii_pic_two','2022-12-08 15:33:31','EW328709'),(858,'img/history/IMG_20221208_174553.jpg','Approved','area_ii','area_ii_pic_three','2022-12-08 15:33:41','EW328709'),(859,'img/history/IMG_20221208_174535.jpg','Approved','area_ii','area_ii_pic_one','2022-12-08 15:34:26','FD542570'),(860,'img/history/IMG_20221208_174553.jpg','Approved','area_ii','area_ii_pic_two','2022-12-08 15:34:37','FD542570'),(861,'img/history/IMG_20221208_083847.jpg','Approved','area_ii','area_ii_pic_two','2022-12-08 15:35:16','FD547632'),(862,'img/history/IMG_20221208_083847.jpg','Approved','area_ii','area_ii_pic_three','2022-12-08 15:35:27','FD547632'),(863,'img/history/IMG_20221208_083833.jpg','Approved','area_i','area_i_pic_four','2022-12-08 15:36:19','FD658700'),(864,'img/history/IMG_20221208_083847.jpg','Approved','area_ii','area_ii_pic_one','2022-12-08 15:36:34','FD658700'),(865,'img/history/IMG_20221208_083847.jpg','Approved','area_ii','area_ii_pic_two','2022-12-08 15:36:50','FD658700'),(866,'img/history/IMG_20221208_083847.jpg','Approved','area_i','area_i_pic_three','2022-12-08 15:37:28','FD769023'),(867,'img/history/IMG_20221208_083833.jpg','Approved','area_i','area_i_pic_four','2022-12-08 15:37:41','FD769023'),(868,'img/history/IMG_20221208_083847.jpg','Approved','area_ii','area_ii_pic_one','2022-12-08 15:37:51','FD769023'),(869,'img/history/IMG_20221208_083847.jpg','Approved','area_ii','area_ii_pic_one','2022-12-08 15:38:28','FF34D5S'),(870,'img/history/IMG_20221208_083847.jpg','Approved','area_ii','area_ii_pic_two','2022-12-08 15:38:39','FF34D5S'),(871,'img/history/IMG_20221208_174535.jpg','Approved','area_ii','area_ii_pic_three','2022-12-08 15:39:22','FF34DSS'),(872,'img/history/IMG_20221208_174535.jpg','Approved','area_ii','area_ii_pic_four','2022-12-08 15:39:34','FF34DSS'),(873,'img/history/IMG_20221208_083847.jpg','Approved','area_ii','area_ii_pic_two','2022-12-08 15:40:20','FG900760'),(874,'img/history/IMG_20221208_083847.jpg','Approved','area_ii','area_ii_pic_three','2022-12-08 15:40:31','FG900760'),(875,'img/history/IMG_20221208_083847.jpg','Approved','area_ii','area_ii_pic_four','2022-12-08 15:40:44','FG900760'),(876,'img/history/IMG_20221208_083847.jpg','Approved','area_ii','area_ii_pic_three','2022-12-08 15:41:24','FS427506'),(877,'img/history/IMG_20221208_083847.jpg','Approved','area_ii','area_ii_pic_four','2022-12-08 15:41:38','FS427506'),(878,'img/history/IMG_20221208_083847.jpg','Approved','area_ii','area_ii_pic_two','2022-12-08 15:42:15','GD676073'),(879,'img/history/IMG_20221208_083847.jpg','Approved','area_ii','area_ii_pic_three','2022-12-08 15:42:28','GD676073'),(880,'img/history/IMG_20221208_083833.jpg','Approved','area_i','area_i_pic_one','2022-12-08 15:43:51','GF890660'),(881,'img/history/IMG_20221208_083833.jpg','Approved','area_i','area_i_pic_two','2022-12-08 15:44:04','GF890660'),(882,'img/history/IMG_20221208_083847.jpg','Approved','area_ii','area_ii_pic_three','2022-12-08 15:44:52','GW426488'),(883,'img/history/IMG_20221208_083847.jpg','Approved','area_ii','area_ii_pic_four','2022-12-08 15:45:03','GW426488'),(884,'img/history/IMG_20221208_083847.jpg','Approved','area_ii','area_ii_pic_three','2022-12-08 15:45:44','HT658709'),(885,'img/history/IMG_20221208_083847.jpg','Approved','area_ii','area_ii_pic_four','2022-12-08 15:45:57','HT658709'),(886,'img/history/IMG_20221208_174553.jpg','Approved','area_iii','area_iii_pic_one','2022-12-08 15:46:37','HT76885'),(887,'img/history/IMG_20221208_174535.jpg','Approved','area_ii','area_ii_pic_four','2022-12-08 15:47:25','II876533'),(888,'img/history/IMG_20221208_083847.jpg','Approved','area_ii','area_ii_pic_three','2022-12-08 15:48:03','IT790522'),(889,'img/history/IMG_20221208_083847.jpg','Approved','area_ii','area_ii_pic_four','2022-12-08 15:48:14','IT790522'),(890,'img/history/IMG_20221208_083847.jpg','Approved','area_ii','area_ii_pic_four','2022-12-08 15:49:24','IU097680'),(891,'img/history/IMG_20221208_083847.jpg','Approved','area_ii','area_ii_pic_three','2022-12-08 15:50:00','JA392841'),(892,'img/history/IMG_20221208_083847.jpg','Approved','area_ii','area_ii_pic_four','2022-12-08 15:50:13','JA392841'),(893,'img/history/IMG_20221208_083847.jpg','Approved','area_i','area_i_pic_four','2022-12-08 15:51:03','OI098707'),(894,'img/history/IMG_20221208_174535.jpg','Approved','area_ii','area_ii_pic_one','2022-12-08 15:51:13','OI098707'),(895,'img/history/IMG_20221208_083847.jpg','Approved','area_ii','area_ii_pic_two','2022-12-08 15:52:03','OR567839'),(896,'img/history/IMG_20221208_083847.jpg','Approved','area_ii','area_ii_pic_three','2022-12-08 15:52:14','OR567839'),(897,'img/history/IMG_20221208_083847.jpg','Approved','area_ii','area_ii_pic_four','2022-12-08 15:52:25','OR567839'),(898,'img/history/IMG_20221208_083847.jpg','Approved','area_ii','area_ii_pic_three','2022-12-08 15:53:05','OR654311'),(899,'img/history/IMG_20221208_083847.jpg','Approved','area_ii','area_ii_pic_four','2022-12-08 15:53:16','OR654311'),(900,'img/history/IMG_20221208_174535.jpg','Approved','area_ii','area_ii_pic_two','2022-12-08 15:53:57','OR658743'),(901,'img/history/IMG_20221208_174535.jpg','Approved','area_ii','area_ii_pic_three','2022-12-08 15:54:07','OR658743'),(902,'img/history/IMG_20221208_083847.jpg','Approved','area_ii','area_ii_pic_three','2022-12-08 15:54:48','QQ123134'),(903,'img/history/IMG_20221208_083847.jpg','Approved','area_ii','area_ii_pic_four','2022-12-08 15:55:02','QQ123134'),(904,'img/history/IMG_20221208_083847.jpg','Approved','area_ii','area_ii_pic_three','2022-12-08 15:55:40','RE436590'),(905,'img/history/IMG_20221208_083847.jpg','Approved','area_ii','area_ii_pic_four','2022-12-08 15:55:51','RE436590'),(906,'img/history/IMG_20221208_083847.jpg','Approved','area_ii','area_ii_pic_one','2022-12-08 15:56:28','RE439807'),(907,'img/history/IMG_20221208_174612.jpg','Approved','area_ii','area_ii_pic_three','2022-12-08 15:56:37','RE439807'),(908,'img/history/IMG_20221208_083847.jpg','Approved','area_ii','area_ii_pic_two','2022-12-08 15:57:29','RT5676890'),(909,'img/history/IMG_20221208_083847.jpg','Approved','area_ii','area_ii_pic_three','2022-12-08 15:57:38','RT5676890'),(910,'img/history/IMG_20221208_174535.jpg','Approved','area_ii','area_ii_pic_three','2022-12-08 15:58:21','RT5687990'),(911,'img/history/IMG_20221208_083847.jpg','Approved','area_ii','area_ii_pic_four','2022-12-08 15:58:36','RT5687990'),(912,'img/history/IMG_20221208_083847.jpg','Approved','area_ii','area_ii_pic_one','2022-12-08 15:59:16','RT657809'),(913,'img/history/IMG_20221208_083847.jpg','Approved','area_ii','area_ii_pic_three','2022-12-08 15:59:26','RT657809'),(914,'img/history/IMG_20221208_083847.jpg','Approved','area_ii','area_ii_pic_three','2022-12-08 16:00:14','RT680770'),(915,'img/history/IMG_20221208_083847.jpg','Approved','area_ii','area_ii_pic_four','2022-12-08 16:00:36','RT680770'),(916,'img/history/IMG_20221208_174535.jpg','Approved','area_ii','area_ii_pic_three','2022-12-08 16:01:19','RW978658'),(917,'img/history/IMG_20221208_174612.jpg','Approved','area_ii','area_ii_pic_four','2022-12-08 16:01:43','RW978658'),(918,'img/history/IMG_20221208_083847.jpg','Approved','area_ii','area_ii_pic_three','2022-12-08 16:02:22','TR587095'),(919,'img/history/IMG_20221208_083847.jpg','Approved','area_ii','area_ii_pic_four','2022-12-08 16:02:38','TR587095'),(920,'img/history/IMG_20221208_174535.jpg','Approved','area_ii','area_ii_pic_three','2022-12-08 16:03:30','TR769805'),(921,'img/history/IMG_20221208_174535.jpg','Approved','area_ii','area_ii_pic_four','2022-12-08 16:03:42','TR769805'),(922,'img/history/IMG_20221208_174612.jpg','Approved','area_ii','area_ii_pic_three','2022-12-08 16:04:21','TRT05059'),(923,'img/history/IMG_20221208_174535.jpg','Approved','area_ii','area_ii_pic_four','2022-12-08 16:05:00','TRT05059'),(924,'img/history/IMG_20221208_083847.jpg','Approved','area_ii','area_ii_pic_three','2022-12-08 16:05:44','TW427579'),(925,'img/history/IMG_20221208_174535.jpg','Approved','area_ii','area_ii_pic_one','2022-12-08 16:06:30','TY585907'),(926,'img/history/IMG_20221208_174535.jpg','Approved','area_ii','area_ii_pic_two','2022-12-08 16:06:41','TY585907'),(927,'img/history/IMG_20221208_083847.jpg','Approved','area_ii','area_ii_pic_three','2022-12-08 16:07:17','TY707870'),(928,'img/history/IMG_20221208_083847.jpg','Approved','area_ii','area_ii_pic_four','2022-12-08 16:07:28','TY707870'),(929,'img/history/IMG_20221208_083847.jpg','Approved','area_i','area_i_pic_one','2022-12-08 16:08:07','UA314901'),(930,'img/history/IMG_20221208_174535.jpg','Approved','area_ii','area_ii_pic_three','2022-12-08 16:08:22','UA314901'),(931,'img/history/IMG_20221208_083847.jpg','Approved','area_i','area_i_pic_four','2022-12-08 16:08:37','UA314901'),(932,'img/history/IMG_20221208_174535.jpg','Approved','area_ii','area_ii_pic_two','2022-12-08 16:09:17','UY789007'),(933,'img/history/IMG_20221208_083847.jpg','Approved','area_ii','area_ii_pic_three','2022-12-08 16:09:26','UY789007'),(934,'img/history/IMG_20221208_174535.jpg','Approved','area_ii','area_ii_pic_one','2022-12-08 16:10:06','UY870706'),(935,'img/history/IMG_20221208_174535.jpg','Approved','area_ii','area_ii_pic_three','2022-12-08 16:10:15','UY870706'),(936,'img/history/IMG_20221208_174535.jpg','Approved','area_ii','area_ii_pic_three','2022-12-08 16:10:57','uy870760'),(937,'img/history/IMG_20221208_174535.jpg','Approved','area_ii','area_ii_pic_four','2022-12-08 16:11:08','uy870760'),(938,'img/history/IMG_20221208_083847.jpg','Approved','area_ii','area_ii_pic_three','2022-12-08 16:11:48','VZ758533'),(939,'img/history/IMG_20221208_174535.jpg','Approved','area_ii','area_ii_pic_three','2022-12-08 16:12:29','WE436587'),(940,'img/history/IMG_20221208_174535.jpg','Approved','area_ii','area_ii_pic_one','2022-12-08 16:13:08','WW123131'),(941,'img/history/IMG_20221208_174612.jpg','Approved','area_ii','area_ii_pic_two','2022-12-08 16:13:17','WW123131'),(942,'img/history/IMG_20221208_174535.jpg','Approved','area_ii','area_ii_pic_three','2022-12-08 16:14:01','WW324111'),(943,'img/history/IMG_20221208_174535.jpg','Approved','area_ii','area_ii_pic_three','2022-12-08 16:14:44','XB369600'),(944,'img/history/download.jpg','Approved','area_ii','area_ii_pic_four','2022-12-08 16:30:44','XB369600'),(945,'img/history/wig-terms.jpg','Approved','area_ii','area_ii_pic_three','2022-12-08 16:33:16','YT768976'),(946,'img/history/images.jpg','Approved','area_ii','area_ii_pic_four','2022-12-08 16:33:36','YT768976'),(947,'img/history/images.jpg','Approved','area_ii','area_ii_pic_three','2022-12-08 16:34:32','YT769800'),(948,'img/history/images.jpg','Approved','area_ii','area_ii_pic_four','2022-12-08 16:34:45','YT769800'),(949,'img/history/image-asset.jpeg','Approved','area_i','area_i_pic_two','2022-12-08 16:35:46','YT787070'),(950,'img/history/images.jpg','Approved','area_i','area_i_pic_one','2022-12-08 16:36:04','YT787070'),(951,'img/history/images.jpg','Approved','area_ii','area_ii_pic_two','2022-12-08 16:36:22','YT787070'),(952,'img/history/images.jpg','Approved','area_ii','area_ii_pic_three','2022-12-08 16:36:39','YT787070'),(953,'img/history/image-asset.jpeg','Approved','area_ii','area_ii_pic_one','2022-12-08 16:38:04','YT870908'),(954,'img/history/image-asset.jpeg','Approved','area_ii','area_ii_pic_three','2022-12-08 16:38:17','YT870908'),(955,'img/history/image-asset.jpeg','Approved','area_ii','area_ii_pic_four','2022-12-08 16:38:35','YT870908'),(956,'img/history/image-asset.jpeg','Approved','area_ii','area_ii_pic_four','2022-12-08 16:39:27','YU780946'),(957,'img/history/wig-terms.jpg','Approved','area_iii','area_iii_pic_two','2022-12-08 16:40:29','YU787079'),(958,'img/history/IMG_20221208_174535.jpg','Approved','area_iii','area_iii_pic_one','2022-12-08 17:08:55','EW233320'),(959,'img/history/IMG_20221208_174535.jpg','Approved','area_iii','area_iii_pic_two','2022-12-08 17:09:05','EW233320'),(960,'img/history/IMG_20221208_174535.jpg','Approved','area_iii','area_iii_pic_three','2022-12-08 17:09:18','EW233320'),(961,'img/history/IMG_20221208_174535.jpg','Approved','area_iii','area_iii_pic_four','2022-12-08 17:09:36','EW233320'),(962,'img/history/IMG_20221208_083847.jpg','Approved','area_iv','area_iv_pic_one','2022-12-08 17:10:02','EW233320'),(963,'img/history/IMG_20221208_174553.jpg','Approved','area_iv','area_iv_pic_two','2022-12-08 17:10:19','EW233320'),(964,'img/history/IMG_20221208_174553.jpg','Approved','area_iv','area_iv_pic_three','2022-12-08 17:10:29','EW233320'),(965,'img/history/IMG_20221208_174625.jpg','Approved','area_iv','area_iv_pic_four','2022-12-08 17:10:42','EW233320');
/*!40000 ALTER TABLE `wig_picture` ENABLE KEYS */;
UNLOCK TABLES;
/*!40103 SET TIME_ZONE=@OLD_TIME_ZONE */;

/*!40101 SET SQL_MODE=@OLD_SQL_MODE */;
/*!40014 SET FOREIGN_KEY_CHECKS=@OLD_FOREIGN_KEY_CHECKS */;
/*!40014 SET UNIQUE_CHECKS=@OLD_UNIQUE_CHECKS */;
/*!40101 SET CHARACTER_SET_CLIENT=@OLD_CHARACTER_SET_CLIENT */;
/*!40101 SET CHARACTER_SET_RESULTS=@OLD_CHARACTER_SET_RESULTS */;
/*!40101 SET COLLATION_CONNECTION=@OLD_COLLATION_CONNECTION */;
/*!40111 SET SQL_NOTES=@OLD_SQL_NOTES */;

-- Dump completed on 2023-01-15 14:50:52
